Business Name,Website,Retail Confirmed,Number of Owned Locations,Predicted In-Person Revenue (Annual USD),Prediction Logic
Love Shop,loveshop.ca,Yes,24,"$18,900,000","Industry: General Retail. Foot traffic: Medium (1.0x). 24 location(s) x 1,500 sq ft x $525/sq ft x 1.0x. Verified: 24 owned locations across Ontario and beyond. Verified via loveshop.ca location data showing 24 unique postal codes."
The Armoury,store.thearmoury.com,Yes,4,"$16,500,000","Industry: Luxury/Jewelry (Fine Menswear). Foot traffic: High (1.5x). 4 location(s) x 2,000 sq ft x $1375/sq ft x 1.5x. Verified: 4 owned locations (2 NYC: Tribeca + UES, 2 HK). Verified via thearmoury.com/faq. Luxury menswear."
Gregorian Rugs,gregorianrugs.com,Yes,1,"$13,300,000","Industry: Furniture/Home Goods. Foot traffic: Low (0.7x). 1 location(s) x 40,000 sq ft x $475/sq ft x 0.7x. Verified: 1 owned 40,000 sq ft showroom at 2284 Washington St, Newton Falls MA. 8 galleries. Verified via gregorianrugs.com/pages/store-hours."
Furniture Depot,furnituredepot.ca,Yes,2,"$11,400,000","Industry: Furniture/Home Goods. Foot traffic: High (1.5x). 2 location(s) x 8,000 sq ft x $475/sq ft x 1.5x. Verified: 2 owned showrooms in Mississauga ON (Heartland Town Centre + Dundas St W). Verified via furnituredepot.ca/pages/visit-us."
Rarify,rarify.co,Yes,2,"$9,975,000","Industry: Furniture/Home Goods. Foot traffic: Low (0.7x). 2 location(s) x 15,000 sq ft x $475/sq ft x 0.7x. Verified: 2 owned locations: Philadelphia gallery (735 Bainbridge St) + Lebanon County PA warehouse (~30,000 sq ft). Verified via rarify.co/pages/our-space."
"Loen Nursery, Inc.",www.loennursery.com,Yes,2,"$8,400,000","Industry: General Retail (Garden/Nursery). Foot traffic: Medium (1.0x). 2 location(s) x 8,000 sq ft x $525/sq ft x 1.0x. Website-verified retail. Addresses found: 19205 SW Cipole Rd.; 19205 SW Cipole Road; 19205 SW Cipole Road
Sherwood, OR 97140. Signal pages: /pages/contact-us, /pages/gallery, /pages/about-us. Keywords: visit us."
Montana Gift Corral,www.giftcorral.com,Yes,5,"$7,875,000","Industry: General Retail (Gift/Variety). Foot traffic: High (1.5x). 5 location(s) x 2,000 sq ft x $525/sq ft x 1.5x. Verified: 5 owned locations across Montana. Verified via giftcorral.com/pages/locations."
Lofty Coffee,loftycoffee.com,Yes,6,"$5,670,000","Industry: General Retail (Specialty Food). Foot traffic: High (1.5x). 6 location(s) x 1,200 sq ft x $525/sq ft x 1.5x. Verified: 6 owned cafés across San Diego area. Verified via loftycoffee.com/pages/locations."
The Animal House,theanimalhouse.net,Yes,3,"$5,437,500","Industry: Specialty Apparel (Athleisure/Boutique). Foot traffic: Medium (1.0x). 3 location(s) x 2,500 sq ft x $725/sq ft x 1.0x. Verified: 3 owned pet stores in Maine (Damariscotta, Westbrook, Brunswick). Verified via theanimalhouse.net/pages/locations."
Luke's Locker Running & Fitness,lukeslocker.com,Yes,2,"$4,350,000","Industry: Specialty Apparel (Athleisure/Boutique). Foot traffic: Medium (1.0x). 2 location(s) x 3,000 sq ft x $725/sq ft x 1.0x. Verified: 2 owned stores in Dallas & Fort Worth TX. Verified via lukeslocker.com/pages/stores."
BLANC & ECLARE,blancgroup.com,Yes,2,"$4,350,000","Industry: Specialty Apparel (Athleisure/Boutique). Foot traffic: High (1.5x). 2 location(s) x 2,000 sq ft x $725/sq ft x 1.5x. Verified: 2+ owned stores (SoHo NYC flagship + Asia). Verified via press coverage."
Mann's Jewelers,www.mannsjewelers.com,Yes,1,"$4,125,000","Industry: Luxury/Jewelry. Foot traffic: Medium (1.0x). 1 location(s) x 3,000 sq ft x $1375/sq ft x 1.0x. Verified: 1 owned store at 2945 Monroe Ave, Rochester NY. Family-owned since 1947. Verified via mannsjewelers.com/pages/our-store."
Iron Accents,www.ironaccents.com,Yes,1,"$3,562,500","Industry: Furniture/Home Goods. Foot traffic: High (1.5x). 1 location(s) x 5,000 sq ft x $475/sq ft x 1.5x. Website-verified retail. Addresses found: 720 Main Street. Signal pages: /pages/contact-us. Keywords: our showroom."
American Ladders & Scaffolds,americanladders.com,Yes,2,"$3,325,000","Industry: Furniture/Home Goods. Foot traffic: Low (0.7x). 2 location(s) x 5,000 sq ft x $475/sq ft x 0.7x. Verified: 2 owned showroom/warehouses in Glastonbury CT & Milford CT. Verified via americanladders.com/pages/locations."
Isalis,www.shopisalis.com,Yes,4,"$3,150,000","Industry: General Retail. Foot traffic: Medium (1.0x). 4 location(s) x 1,500 sq ft x $525/sq ft x 1.0x. Website-verified retail. Addresses found: 22 Prince St.; 2326 Fillmore St.; 2127 Union St.. Signal pages: /pages/our-locations, /pages/contact-us, /pages/about-us. Keywords: our location, our locations, visit us."
Grit Coffee,gritcoffee.com,Yes,5,"$3,150,000","Industry: General Retail (Specialty Food). Foot traffic: Medium (1.0x). 5 location(s) x 1,200 sq ft x $525/sq ft x 1.0x. Verified: 5 active owned cafés in Charlottesville VA. Verified via gritcoffee.com/pages/locations."
Meadowbrooke Gourds,www.mbgourds.com,Yes,1,"$2,572,500","Industry: General Retail. Foot traffic: Low (0.7x). 1 location(s) x 7,000 sq ft x $525/sq ft x 0.7x. Verified: 1 owned 7,000 sq ft gift shop at 125 Potato Rd, Carlisle PA. Verified via mbgourds.com/pages/visit-us."
David Beavis Fine Art,davidkbeavis.com,Yes,2,"$2,550,000","Industry: Art Gallery / Fine Art. Foot traffic: High (1.5x). 2 location(s) x 2,000 sq ft x $425/sq ft x 1.5x. Verified: 2 owned galleries: 314 Main St Park City UT + 491 5th Ave South Naples FL. Verified via davidkbeavis.com/pages/galleries."
Recreations Outlet,recreationsoutlet.com,Yes,1,"$2,375,000","Industry: Furniture/Home Goods. Foot traffic: Medium (1.0x). 1 location(s) x 5,000 sq ft x $475/sq ft x 1.0x. Verified: 1 owned showroom at 484 W Olentangy St, Powell OH. Verified via recreationsoutlet.com/pages/contact-us."
Modern Display,moderndisplay.com,Yes,1,"$2,375,000","Industry: Furniture/Home Goods. Foot traffic: Medium (1.0x). 1 location(s) x 5,000 sq ft x $475/sq ft x 1.0x. Website-verified retail. Addresses found: 5959 S State St, Murray, UT 84107; 5959 S State St.. Signal pages: /pages/contact. Keywords: store hours."
Jesse Brown’s Outdoors,shop.jessebrowns.com,Yes,1,"$2,375,000","Industry: Furniture/Home Goods. Foot traffic: Medium (1.0x). 1 location(s) x 5,000 sq ft x $475/sq ft x 1.0x. Verified: 1 owned store at 4732 Sharon Rd, Charlotte NC. Established 1970. Verified via jessebrowns.com/find-us/."
DecksGo,www.decksgo.ca,Yes,1,"$2,375,000","Industry: Furniture/Home Goods. Foot traffic: Medium (1.0x). 1 location(s) x 5,000 sq ft x $475/sq ft x 1.0x. Website-verified retail. Addresses found: 3257
5390 Canotek Road. Signal pages: /pages/contact-us, /pages/about-us. Keywords: our gallery."
Mike the Mattress Guy,www.shopmikethemattressguy.com,Yes,1,"$2,375,000","Industry: Furniture/Home Goods. Foot traffic: Medium (1.0x). 1 location(s) x 5,000 sq ft x $475/sq ft x 1.0x. Website-verified retail. Addresses found: 555 Mapleview Drive. Signal pages: /pages/contact-us, /pages/about-us. Keywords: hours of operation."
"The Furniture Nest (Salisbury, MD)",thefurniture-nest.com,Yes,1,"$2,375,000","Industry: Furniture/Home Goods. Foot traffic: Medium (1.0x). 1 location(s) x 5,000 sq ft x $475/sq ft x 1.0x. Website-verified retail. Addresses found: 329 Civic Ave
Salisbury, MD 21804. Signal pages: /pages/contact. Keywords: visit us."
Mattress Innovations,www.mattressinnovations.com,Yes,1,"$2,375,000","Industry: Furniture/Home Goods. Foot traffic: Medium (1.0x). 1 location(s) x 5,000 sq ft x $475/sq ft x 1.0x. Verified: 1 owned mattress showroom. Verified via mattressinnovations.com showing store location with visit hours."
"Galeria Furniture & Mattress (Joliet, IL)",galeriajoliet.com,Yes,1,"$2,375,000","Industry: Furniture/Home Goods. Foot traffic: Medium (1.0x). 1 location(s) x 5,000 sq ft x $475/sq ft x 1.0x. Website-verified retail. Addresses found: 2134 Jefferson street. Signal pages: /pages/contact, /pages/about-us. Keywords: visit us."
VALO,valowellnessspa.com,Yes,1,"$2,375,000","Industry: Furniture/Home Goods. Foot traffic: Medium (1.0x). 1 location(s) x 5,000 sq ft x $475/sq ft x 1.0x. Website-verified retail. Addresses found: 120 Regency Parkway; 120 Regency Parkway Suite 104 Omaha, NE 68114. Signal pages: /pages/contact. Keywords: hours of operation."
River Street Sweets®,www.riverstreetsweets.com,Yes,2,"$2,362,500","Industry: General Retail (Specialty Food). Foot traffic: High (1.5x). 2 location(s) x 1,500 sq ft x $525/sq ft x 1.5x. Verified: 2 owned stores on River St & Broughton St, Savannah GA. Verified via riverstreetsweets.com/pages/find-your-store."
Sarkis Pastry,sarkispastry.com,Yes,3,"$2,137,500","Industry: Furniture/Home Goods. Foot traffic: Medium (1.0x). 3 location(s) x 1,500 sq ft x $475/sq ft x 1.0x. Verified: 3 owned bakeries in Glendale, Pasadena, Anaheim CA. Verified via sarkispastry.com/pages/locations."
Town Shop,www.townshop.com,Yes,1,"$1,968,750","Industry: General Retail. Foot traffic: High (1.5x). 1 location(s) x 2,500 sq ft x $525/sq ft x 1.5x. Verified: 1 owned store at 2270 Broadway, NYC (est 1888). Verified via townshop.com/pages/our-store."
Leilanis Leis,leilanisleis.com,Yes,2,"$1,912,500","Industry: Art Gallery / Fine Art. Foot traffic: High (1.5x). 2 location(s) x 1,500 sq ft x $425/sq ft x 1.5x. Verified: 2 locations in Las Vegas area. Verified via leilanisleis.com location pages."
All Marble Tiles,allmarbletiles.com,Yes,1,"$1,662,500","Industry: Furniture/Home Goods. Foot traffic: Low (0.7x). 1 location(s) x 5,000 sq ft x $475/sq ft x 0.7x. Verified: 1 owned showroom at 175 Moonachie Rd, Moonachie NJ. Verified via allmarbletiles.com/pages/about-us."
Hypothermias.com,www.hypothermias.com,Yes,2,"$1,575,000","Industry: General Retail. Foot traffic: Medium (1.0x). 2 location(s) x 1,500 sq ft x $525/sq ft x 1.0x. Website-verified retail. Addresses found: 3720 E 43rd Place
Tucson, AZ 85713; 685 Market Street; 3720 E 43rd Place. Signal pages: /pages/contact-us, /pages/contact, /pages/about-us. Keywords: located at, we are located."
Smoky Mountain General Store,smgeneralstore.com,Yes,1,"$1,575,000","Industry: General Retail (Gift/Variety). Foot traffic: High (1.5x). 1 location(s) x 2,000 sq ft x $525/sq ft x 1.5x. Verified: 1 owned store at 139 E Wears Valley Rd, Pigeon Forge TN. Tourist area. Verified via web search."
Tennis Spectrum,shop.tennisspectrum.com,Yes,1,"$1,575,000","Industry: General Retail (Sporting Goods). Foot traffic: Medium (1.0x). 1 location(s) x 3,000 sq ft x $525/sq ft x 1.0x. Website-verified retail. Addresses found: 16519 Brookhurst St.. Signal pages: /pages/contact-us. Keywords: store hours."
Chihuly Garden and Glass 'The Bookstore',chihuly-garden-and-glass.myshopify.com,Yes,1,"$1,575,000","Industry: General Retail (Garden/Nursery). Foot traffic: High (1.5x). 1 location(s) x 2,000 sq ft x $525/sq ft x 1.5x. Verified: 1 owned bookstore/gift shop at 305 Harrison St, Seattle WA (Chihuly Garden). Verified via chihulygardenandglass.com/visit/bookstore."
Plusskateshop.com,plusskateshop.com,Yes,1,"$1,575,000","Industry: General Retail (Sporting Goods). Foot traffic: Medium (1.0x). 1 location(s) x 3,000 sq ft x $525/sq ft x 1.0x. Website-verified retail. Addresses found: 1646 East Colonial Drive; 1646 East Colonial Drive Orlando, FL 32803. Signal pages: /pages/about-us. Keywords: hours of operation."
Kincaid's Is Music,www.kincaidsmusic.com,Yes,1,"$1,575,000","Industry: General Retail (Music/Instruments). Foot traffic: Medium (1.0x). 1 location(s) x 3,000 sq ft x $525/sq ft x 1.0x. Verified: 1 owned store at 1325 W 1st St, Springfield OH. Verified via kincaidsmusic.com/pages/contact-us."
Statewide Supply,swsupplyny.com,Yes,1,"$1,575,000","Industry: General Retail (Hardware/Supply). Foot traffic: Medium (1.0x). 1 location(s) x 3,000 sq ft x $525/sq ft x 1.0x. Website-verified retail. Addresses found: 310 WALTON AVE
BRONX NY 10451. Signal pages: /pages/contact. Keywords: hours of operation."
Friction Landscape Supply,www.frictionlandscapesupply.com,Yes,1,"$1,575,000","Industry: General Retail (Hardware/Supply). Foot traffic: Medium (1.0x). 1 location(s) x 3,000 sq ft x $525/sq ft x 1.0x. Website-verified retail. Addresses found: 320 London Road; 320 London Road, Suite 128
Delaware
,
OH
43015. Signal pages: /pages/contact, /pages/about-us. Keywords: come visit, store location, visit our store, visit us."
Mast Shoes,mastshoes.com,Yes,1,"$1,450,000","Industry: Specialty Apparel (Athleisure/Boutique). Foot traffic: Medium (1.0x). 1 location(s) x 2,000 sq ft x $725/sq ft x 1.0x. Verified: 1 owned store at 2519 Jackson Ave, Ann Arbor MI. Verified via mastshoes.com/pages/visit-the-store."
Moraine,www.shop-moraine.com,Yes,1,"$1,275,000","Industry: Art Gallery / Fine Art. Foot traffic: High (1.5x). 1 location(s) x 2,000 sq ft x $425/sq ft x 1.5x. Website-verified retail. Addresses found: 106 N Main St.. Signal pages: /pages/contact, /pages/about. Keywords: our gallery, our studio, visit us."
RoosRoast,www.roosroast.com,Yes,2,"$1,260,000","Industry: General Retail (Specialty Food). Foot traffic: Medium (1.0x). 2 location(s) x 1,200 sq ft x $525/sq ft x 1.0x. Verified: 2 owned locations in Ann Arbor MI (Rosewood + E Liberty St). Verified via roosroast.com."
andSons Chocolates,and-sons.com,Yes,1,"$1,181,250","Industry: General Retail (Specialty Food). Foot traffic: High (1.5x). 1 location(s) x 1,500 sq ft x $525/sq ft x 1.5x. Verified: 1 owned store at 9548 Brighton Way, Beverly Hills CA (1 block off Rodeo Drive). Café + chocolate shop. Verified via and-sons.com/pages/visit-us."
Dove Originals Trims,doveoriginalstrims.com,Yes,1,"$1,181,250","Industry: General Retail. Foot traffic: High (1.5x). 1 location(s) x 1,500 sq ft x $525/sq ft x 1.5x. Website-verified retail. Addresses found: 390 Main St
Waltham, MA 02453. Signal pages: /pages/contact-us, /pages/about-us. Keywords: located at, we are located."
Oxford Street - BayFair,shopoxfordstreet.com,Yes,1,"$1,181,250","Industry: General Retail. Foot traffic: High (1.5x). 1 location(s) x 1,500 sq ft x $525/sq ft x 1.5x. Verified: 1 owned store at BayFair Center, San Leandro CA. Mall location. Verified via web search."
Elements by Remedy,elementsbyremedy.com,Yes,1,"$1,181,250","Industry: General Retail. Foot traffic: High (1.5x). 1 location(s) x 1,500 sq ft x $525/sq ft x 1.5x. Website-verified retail. Addresses found: 644 S Main Street. Signal pages: /pages/contact-us, /pages/contact. Keywords: store hours."
Hi Power Cycles,hpcbikes.com,Yes,1,"$1,102,500","Industry: General Retail (Sporting Goods). Foot traffic: Low (0.7x). 1 location(s) x 3,000 sq ft x $525/sq ft x 0.7x. Verified: 1 owned facility at 4180 Guardian St, Simi Valley CA. E-bike manufacturer with showroom. Verified via hpcbikes.com/pages/contact-us."
Luxe Fashion,shopluxefashion.com,Yes,1,"$1,087,500","Industry: Specialty Apparel (Athleisure/Boutique). Foot traffic: Medium (1.0x). 1 location(s) x 1,500 sq ft x $725/sq ft x 1.0x. Website-verified retail. Addresses found: 5 pm
LOCATION
14234 SW 8ST.. Signal pages: /pages/contact-us. Keywords: store hours."
Fashionably Yours,fashionablyyours.com,Yes,1,"$1,087,500","Industry: Specialty Apparel (Athleisure/Boutique). Foot traffic: Medium (1.0x). 1 location(s) x 1,500 sq ft x $725/sq ft x 1.0x. Website-verified retail. Addresses found: 707 Queen St.; 707 Queen Street. Signal pages: /pages/store-locator, /pages/contact-us. Keywords: store hours."
HKP Tuning & Performance dba Performance-Parts.com,www.hkptuning.com,Yes,1,"$1,050,000","Industry: General Retail (Automotive). Foot traffic: Medium (1.0x). 1 location(s) x 2,000 sq ft x $525/sq ft x 1.0x. Website-verified retail. Addresses found: 21421 N 7th Ave
Phoenix, AZ 85027; 21421 N 7th Ave, Phoenix, AZ 85027. Signal pages: /pages/contact-us, /pages/about-us. Keywords: visit us."
Chesapeake Billiards,www.baltimorebilliards.com,Yes,1,"$997,500","Industry: Furniture/Home Goods. Foot traffic: Low (0.7x). 1 location(s) x 3,000 sq ft x $475/sq ft x 0.7x. Verified: 1 owned showroom at 8906 Waltham Woods Rd, Parkville MD. Verified via baltimorebilliards.com."
Z. Cioccolato,zcioccolato.com,Yes,1,"$945,000","Industry: General Retail. Foot traffic: High (1.5x). 1 location(s) x 1,200 sq ft x $525/sq ft x 1.5x. Verified: 1 owned store at 474 Columbus Ave, San Francisco. Verified via zcioccolato.com/pages/contact-us."
Sweet Expressions,sweetexpressionsbygeri.com,Yes,1,"$945,000","Industry: General Retail (Specialty Food). Foot traffic: High (1.5x). 1 location(s) x 1,200 sq ft x $525/sq ft x 1.5x. Website-verified retail. Addresses found: 26 Broadway; 26 Broadway, Denville NJ 07834; 26 Broadway
Denville, NJ 07834. Signal pages: /pages/visit-us, /pages/about-us. Keywords: store hours, visit us, we are located."
Liberty Safes of College Station,libertysafeofcollegestation.com,Yes,1,"$918,750","Industry: General Retail (Security/Tactical). Foot traffic: Low (0.7x). 1 location(s) x 2,500 sq ft x $525/sq ft x 0.7x. Verified: 1 owned store at 1055 Texas Ave S, College Station TX. Verified via web search."
Ludwig Fine Wine,ludwigsfinewine.com,Yes,1,"$787,500","Industry: General Retail. Foot traffic: Medium (1.0x). 1 location(s) x 1,500 sq ft x $525/sq ft x 1.0x. Website-verified retail. Addresses found: 431 San Anselmo Ave.. Signal pages: /pages/contact. Keywords: store hours."
Optics Force,opticsforce.com,Yes,1,"$787,500","Industry: General Retail. Foot traffic: Medium (1.0x). 1 location(s) x 1,500 sq ft x $525/sq ft x 1.0x. Website-verified retail. Addresses found: 71 Union Avenue; 71 Union Ave Brooklyn, NY 11206. Signal pages: /pages/contact, /pages/about. Keywords: located at."
dfuser,dfuser.com,Yes,1,"$787,500","Industry: General Retail. Foot traffic: Medium (1.0x). 1 location(s) x 1,500 sq ft x $525/sq ft x 1.0x. Website-verified retail. Addresses found: 13701 Ranch Road 2338
Georgetown, TX 78633; 13701 Ranch Road. Signal pages: /pages/contact-us, /pages/about-us. Keywords: hours of operation, located at."
TrueTexasMerch,truetexasmerch.com,Yes,1,"$787,500","Industry: General Retail. Foot traffic: Medium (1.0x). 1 location(s) x 1,500 sq ft x $525/sq ft x 1.0x. Website-verified retail. Addresses found: 24 hrs
123 John Doe Street. Signal pages: /pages/contact, /pages/about-us. Keywords: store hours."
The Pattern Collective,thepatterncollective.com,Yes,1,"$787,500","Industry: General Retail. Foot traffic: Medium (1.0x). 1 location(s) x 1,500 sq ft x $525/sq ft x 1.0x. Website-verified retail. Addresses found: 3230 Metairie Rd, Metairie LA 70001. Signal pages: /pages/contact-us. Keywords: our studio."
Podiums Direct,podiumsdirect.com,Yes,1,"$787,500","Industry: General Retail. Foot traffic: Medium (1.0x). 1 location(s) x 1,500 sq ft x $525/sq ft x 1.0x. Website-verified retail. Addresses found: 2820 N Pinal Avenue. Signal pages: /pages/contact-us, /pages/about-us. Keywords: hours of operation."
Wheel Center Caps,wheelcentercaps.com,Yes,1,"$787,500","Industry: General Retail. Foot traffic: Medium (1.0x). 1 location(s) x 1,500 sq ft x $525/sq ft x 1.0x. Website-verified retail. Addresses found: 9589 Slauson Ave
Pico Rivera, CA 90660. Signal pages: /pages/contact-us, /pages/about-us. Keywords: located at."
Sud Factory,sudfactory.net,Yes,1,"$787,500","Industry: General Retail. Foot traffic: Medium (1.0x). 1 location(s) x 1,500 sq ft x $525/sq ft x 1.0x. Website-verified retail. Addresses found: 408 Akoki St, Ste 103
Waipahu, HI 96797. Signal pages: /pages/contact, /pages/about-us. Keywords: store hours."
Lazer Ladies,www.lazerladies.com,Yes,1,"$787,500","Industry: General Retail. Foot traffic: Medium (1.0x). 1 location(s) x 1,500 sq ft x $525/sq ft x 1.0x. Website-verified retail. Addresses found: 2543 E. Washburn Rd.. Signal pages: /pages/contact-us. Keywords: hours of operation."
the cutting garden,www.mycuttinggarden.com,Yes,1,"$787,500","Industry: General Retail (Florist). Foot traffic: Medium (1.0x). 1 location(s) x 1,500 sq ft x $525/sq ft x 1.0x. Verified: 1 owned florist at 9039 Katy Freeway Suite 211, Houston TX. Voted Houston's Best Florist. Verified via mycuttinggarden.com/pages/contact-us."
Kent Custom Cases,kentcustom.com,Yes,1,"$787,500","Industry: General Retail. Foot traffic: Medium (1.0x). 1 location(s) x 1,500 sq ft x $525/sq ft x 1.0x. Website-verified retail. Addresses found: 9812
VISIT OUR LOCATION
298 Hinman Ave
Buffalo, NY 14216; 2006
Skip to content
Custom Road. Signal pages: /pages/contact-us, /pages/about. Keywords: our location."
"Better Bones, Better Body",shop.betterbones.com,Yes,1,"$787,500","Industry: General Retail. Foot traffic: Medium (1.0x). 1 location(s) x 1,500 sq ft x $525/sq ft x 1.0x. Website-verified retail. Addresses found: 127 Sale Dr.; 605 Franklin Park Dr East Syracuse, NY 13057. Signal pages: /pages/contact-us. Keywords: hours of operation."
Heim Joints,www.heimjoints.net,Yes,1,"$787,500","Industry: General Retail. Foot traffic: Medium (1.0x). 1 location(s) x 1,500 sq ft x $525/sq ft x 1.0x. Website-verified retail. Addresses found: 0904
Off Road Industries
1934 E 2710 S
St George UT 84790; 1934 E 2710 S
St George UT 84790; 1934 E 2710 S
St George UT 84790. Signal pages: /pages/contact-us, /pages/about-us. Keywords: hours of operation."
dtfprint.me,dtfprint.me,Yes,1,"$787,500","Industry: General Retail. Foot traffic: Medium (1.0x). 1 location(s) x 1,500 sq ft x $525/sq ft x 1.0x. Website-verified retail. Addresses found: 2 business days. Orders place. Signal pages: /pages/contact, /pages/about-us. Keywords: store hours."
erinsfaces,erinsfaces.com,Yes,1,"$787,500","Industry: General Retail. Foot traffic: Medium (1.0x). 1 location(s) x 1,500 sq ft x $525/sq ft x 1.0x. Website-verified retail. Addresses found: 15 Bleeker Street. Signal pages: /pages/visit-us. Keywords: located at, visit us."
7 Jurock,www.7jurock.com,Yes,1,"$787,500","Industry: General Retail. Foot traffic: Medium (1.0x). 1 location(s) x 1,500 sq ft x $525/sq ft x 1.0x. Website-verified retail. Addresses found: 12045 Slauson Ave.. Signal pages: /pages/contact-us. Keywords: hours of operation."
c&c gamebridge.,gamebridge.ca,Yes,1,"$787,500","Industry: General Retail. Foot traffic: Medium (1.0x). 1 location(s) x 1,500 sq ft x $525/sq ft x 1.0x. Website-verified retail. Addresses found: 4 total flaws on the card.; 645 King Street. Signal pages: /pages/contact, /pages/about-us. Keywords: store hours."
Paper Trail Rhinebeck,papertrailrhinebeck.com,Yes,1,"$787,500","Industry: General Retail. Foot traffic: Medium (1.0x). 1 location(s) x 1,500 sq ft x $525/sq ft x 1.0x. Verified: 1 owned store at 6423 Montgomery St, Rhinebeck NY. Verified via papertrailrhinebeck.com/pages/contact-us."
House of Lucky,www.houseoflucky.com,Yes,1,"$787,500","Industry: General Retail. Foot traffic: Medium (1.0x). 1 location(s) x 1,500 sq ft x $525/sq ft x 1.0x. Website-verified retail. Addresses found: 502 Grand Central Avenue; 502 Grand Central Avenue
Lavallette, NJ 08735. Signal pages: /pages/contact, /pages/about. Keywords: visit us."
Dean accessories,deanaccessories.net,Yes,1,"$787,500","Industry: General Retail. Foot traffic: Medium (1.0x). 1 location(s) x 1,500 sq ft x $525/sq ft x 1.0x. Website-verified retail. Addresses found: 1951 Hillhurst Ave
Los Angeles, Ca 90027. Signal pages: /pages/contact. Keywords: store location."
TheCoSpot,thecospot.com,Yes,1,"$787,500","Industry: General Retail. Foot traffic: Medium (1.0x). 1 location(s) x 1,500 sq ft x $525/sq ft x 1.0x. Website-verified retail. Addresses found: 13590 E. Mississippi Ave.. Signal pages: /pages/contact, /pages/about-us. Keywords: located at."
Softlips Lip Balm,softlips.com,Yes,1,"$787,500","Industry: General Retail. Foot traffic: Medium (1.0x). 1 location(s) x 1,500 sq ft x $525/sq ft x 1.0x. Website-verified retail. Addresses found: 707 Sterling Drive
Orchard Park, NY 14127; 707 Sterling Drive. Signal pages: /pages/contact-us. Keywords: hours of operation."
UltraSweat by CYSM,ultrasweat.com,Yes,1,"$787,500","Industry: General Retail. Foot traffic: Medium (1.0x). 1 location(s) x 1,500 sq ft x $525/sq ft x 1.0x. Website-verified retail. Addresses found: 5807 Pacific Blvd, Huntington Park, CA 90255. Signal pages: /pages/contact-us. Keywords: store hours, visit our store."
Barberside,barberside.myshopify.com,Yes,1,"$787,500","Industry: General Retail. Foot traffic: Medium (1.0x). 1 location(s) x 1,500 sq ft x $525/sq ft x 1.0x. Website-verified retail. Addresses found: 3506 Adams Avenue; 2026
Barberside
.  3506 Adams Ave, San Diego, CA 92116; 16
No Children
No Adult Entertainment
Location
3506 Adams Avenue, San Diego, CA 92116. Signal pages: /pages/contact-us, /pages/about-us. Keywords: walk-in, walk-ins welcome."
Chainbreaker Collective,chainbreakercollective.com,Yes,1,"$787,500","Industry: General Retail. Foot traffic: Medium (1.0x). 1 location(s) x 1,500 sq ft x $525/sq ft x 1.0x. Website-verified retail. Addresses found: 30640 Highway. Signal pages: /pages/contact. Keywords: located at, we are located."
Archistoric,www.archistoric.com,Yes,1,"$787,500","Industry: General Retail. Foot traffic: Medium (1.0x). 1 location(s) x 1,500 sq ft x $525/sq ft x 1.0x. Website-verified retail. Addresses found: 100 years of lighting expertise.
Design a Custom Project
Search
Contact
FAQ
Ordering Policy
Archistoric Products
2444 West 16th Street
5th Floor West
Chicago, IL 60608; 2444 West 16th Street
5th Floor West
Chicago, IL 60608; 2444 West 16th Street. Signal pages: /pages/contact, /pages/gallery, /pages/about. Keywords: our location, our studio."
Pigeon Mountain Trading Company,pigeonmountaintrading.com,Yes,1,"$735,000","Industry: General Retail. Foot traffic: Low (0.7x). 1 location(s) x 2,000 sq ft x $525/sq ft x 0.7x. Verified: 1 owned store at 106 N Main St, LaFayette GA. Verified via pigeonmountaintrading.com/pages/about-us."
GutterCleaningBusiness.com,guttercleaningbusiness.com,Yes,1,"$665,000","Industry: Furniture/Home Goods. Foot traffic: Low (0.7x). 1 location(s) x 2,000 sq ft x $475/sq ft x 0.7x. Verified: 1 owned showroom at 1000 N Horner Blvd, Sanford NC. SkyVac USA distributor. Verified via guttercleaningbusiness.com/pages/about-us."
Joseph's Organic Bakery,josephsorganicbakery.com,Yes,1,"$630,000","Industry: General Retail (Specialty Food). Foot traffic: Medium (1.0x). 1 location(s) x 1,200 sq ft x $525/sq ft x 1.0x. Verified: 1 owned bakery at 18228 W Dixie Hwy, North Miami Beach FL. Verified via veganbakerymiami.com/pages/contact-us."
Terra Café et Thé Ltée,terracaf.ca,Yes,1,"$630,000","Industry: General Retail (Specialty Food). Foot traffic: Medium (1.0x). 1 location(s) x 1,200 sq ft x $525/sq ft x 1.0x. Website-verified retail. Addresses found: 290 Port Royal Street. Signal pages: /pages/location, /pages/contact. Keywords: visit us."
German Sausage Company,germansausageaz.com,Yes,1,"$630,000","Industry: General Retail (Specialty Food). Foot traffic: Medium (1.0x). 1 location(s) x 1,200 sq ft x $525/sq ft x 1.0x. Website-verified retail. Addresses found: 4900 E Indian School Rd, Phoenix, AZ 85018. Signal pages: /pages/about. Keywords: hours of operation."
Rudcafood,rudcafood.com,Yes,1,"$630,000","Industry: General Retail (Specialty Food). Foot traffic: Medium (1.0x). 1 location(s) x 1,200 sq ft x $525/sq ft x 1.0x. Website-verified retail. Addresses found: 1030 Campus Dr.. Signal pages: /pages/contact, /pages/about-us. Keywords: hours of operation, our location."
Sonoma County Meat Co.,sonomacountymeatco.com,Yes,1,"$630,000","Industry: General Retail (Specialty Food). Foot traffic: Medium (1.0x). 1 location(s) x 1,200 sq ft x $525/sq ft x 1.0x. Website-verified retail. Addresses found: 35 Sebastopol Avenue; 35 Sebastopol Avenue, Santa Rosa, CA  95407. Signal pages: /pages/contact-us. Keywords: open monday."
"Patriot Foods, Inc.",patriotfoods.com,Yes,1,"$630,000","Industry: General Retail (Specialty Food). Foot traffic: Medium (1.0x). 1 location(s) x 1,200 sq ft x $525/sq ft x 1.0x. Website-verified retail. Addresses found: 24 hrs
123 John Doe Street. Signal pages: /pages/contact, /pages/about. Keywords: store hours."
Soulicious Vegan Kitchen,souliciousvegankitchen.com,Yes,1,"$630,000","Industry: General Retail (Specialty Food). Foot traffic: Medium (1.0x). 1 location(s) x 1,200 sq ft x $525/sq ft x 1.0x. Website-verified retail. Addresses found: 15 E 5th Street. Signal pages: /pages/location, /pages/contact. Keywords: our location, store hours."
Laidrey Coffee Roasters,www.laidrey.com,Yes,1,"$630,000","Industry: General Retail (Specialty Food). Foot traffic: Medium (1.0x). 1 location(s) x 1,200 sq ft x $525/sq ft x 1.0x. Website-verified retail. Addresses found: 18600 Ventura Blvd.; 17034 Ventura Blvd.. Signal pages: /pages/locations, /pages/about. Keywords: visit our shop, visit us."
Olu Olu Foods,www.oluolufoods.com,Yes,1,"$630,000","Industry: General Retail (Specialty Food). Foot traffic: Medium (1.0x). 1 location(s) x 1,200 sq ft x $525/sq ft x 1.0x. Website-verified retail. Addresses found: 14719 Baltimore Ave cLaurel, MD 20707; 9915 Lanham Severn Road. Signal pages: /pages/contact, /pages/about-us. Keywords: store hours."
fruit de la vie juice co.,fruitdelavie.com,Yes,1,"$630,000","Industry: General Retail (Specialty Food). Foot traffic: Medium (1.0x). 1 location(s) x 1,200 sq ft x $525/sq ft x 1.0x. Website-verified retail. Addresses found: 2090 Corydon Avenue. Signal pages: /pages/about-us. Keywords: visit us."
B.CANDY,bcandy.com,Yes,1,"$630,000","Industry: General Retail (Specialty Food). Foot traffic: Medium (1.0x). 1 location(s) x 1,200 sq ft x $525/sq ft x 1.0x. Website-verified retail. Addresses found: 3100 East Coast Hwy
Corona del Mar, CA 92625. Signal pages: /pages/visit-us, /pages/contact. Keywords: store hours, visit us."
"Cheapo Depot 2 (Liberty,MO)",cheapoliberty.com,Yes,1,"$551,250","Industry: General Retail. Foot traffic: Low (0.7x). 1 location(s) x 1,500 sq ft x $525/sq ft x 0.7x. Website-verified retail. Addresses found: 1915 Industrial Dr, Liberty, MO 64068. Signal pages: /pages/contact. Keywords: visit us."
Petaluma Pie,petalumapiecompany.com,Yes,1,"$525,000","Industry: General Retail (Specialty Food). Foot traffic: Medium (1.0x). 1 location(s) x 1,000 sq ft x $525/sq ft x 1.0x. Verified: 1 owned bakery at 125 Petaluma Blvd N, Petaluma CA. Verified via petalumapiecompany.com/pages/contact."
Hug Sleep Inc.,hugsleep.com,No,0,$0,"Website scanned (signal score: 4). No confirmed owned physical retail location found after checking homepage + location/contact/about pages for addresses, store hours, and visit-us signals."
Cherish These,cherishthese.com,No,0,$0,"Website scanned (signal score: 4). No confirmed owned physical retail location found after checking homepage + location/contact/about pages for addresses, store hours, and visit-us signals."
Kong Performance,www.kongperformance.com,No,0,$0,"Website scanned (signal score: 7). No confirmed owned physical retail location found after checking homepage + location/contact/about pages for addresses, store hours, and visit-us signals."
ZIPCushions,zipcushions.com,No,0,$0,"Website scanned. Retail signals detected but verified as non-retail (online-only portal, warehouse/office only, or no public-facing storefront)."
Rogersound Labs,rslspeakers.com,No,0,$0,"Website scanned (signal score: 12). No confirmed owned physical retail location found after checking homepage + location/contact/about pages for addresses, store hours, and visit-us signals."
Bellaucci,bellaucci.com,No,0,$0,"Website scanned (signal score: 13). No confirmed owned physical retail location found after checking homepage + location/contact/about pages for addresses, store hours, and visit-us signals."
German Car Accessories,german-car-accessories.com,No,0,$0,"Website scanned (signal score: 12). No confirmed owned physical retail location found after checking homepage + location/contact/about pages for addresses, store hours, and visit-us signals."
MeMoi-DS,memoi-ds.myshopify.com,No,0,$0,"Website scanned (signal score: 4). No confirmed owned physical retail location found after checking homepage + location/contact/about pages for addresses, store hours, and visit-us signals."
Diabetic Supplies Unlimited,www.diabeticsuppliesunlimited.com,No,0,$0,"Website scanned (signal score: 10). No confirmed owned physical retail location found after checking homepage + location/contact/about pages for addresses, store hours, and visit-us signals."
Tradition Hardware,www.traditionhardware.com,No,0,$0,"Website scanned (signal score: 10). No confirmed owned physical retail location found after checking homepage + location/contact/about pages for addresses, store hours, and visit-us signals."
1800ceiling,www.1800ceiling.com,No,0,$0,"Website scanned. Retail signals detected but verified as non-retail (online-only portal, warehouse/office only, or no public-facing storefront)."
SimPure,www.simpurelife.com,No,0,$0,"Website scanned (signal score: 9). No confirmed owned physical retail location found after checking homepage + location/contact/about pages for addresses, store hours, and visit-us signals."
Sun Tanning Store,suntanningstore.com,No,0,$0,"Website scanned (signal score: 13). No confirmed owned physical retail location found after checking homepage + location/contact/about pages for addresses, store hours, and visit-us signals."
EIGHTH DAY,eighthdayskin.com,No,0,$0,"Website scanned (signal score: 7). No confirmed owned physical retail location found after checking homepage + location/contact/about pages for addresses, store hours, and visit-us signals."
FCS Sneakers,www.fcssneakers.com,No,0,$0,"Website scanned (signal score: 21). No confirmed owned physical retail location found after checking homepage + location/contact/about pages for addresses, store hours, and visit-us signals."
EzLift Bed,ezliftbed.com,No,0,$0,"Website scanned (signal score: 7). No confirmed owned physical retail location found after checking homepage + location/contact/about pages for addresses, store hours, and visit-us signals."
Vatic Pro,vaticpro.com,No,0,$0,"Website scanned (signal score: 7). No confirmed owned physical retail location found after checking homepage + location/contact/about pages for addresses, store hours, and visit-us signals."
Heart Healthy Homes,www.hearthealthyhomes.com,No,0,$0,"Website scanned (signal score: 12). No confirmed owned physical retail location found after checking homepage + location/contact/about pages for addresses, store hours, and visit-us signals."
RTS Tactical,www.rtstactical.com,No,0,$0,"Website scanned (signal score: 9). No confirmed owned physical retail location found after checking homepage + location/contact/about pages for addresses, store hours, and visit-us signals."
Bubble Skincare,hellobubble.com,No,0,$0,"Website scanned (signal score: 16). No confirmed owned physical retail location found after checking homepage + location/contact/about pages for addresses, store hours, and visit-us signals."
C. Richard's Leather,www.crichardsleather.com,No,0,$0,"Website scanned (signal score: 13). No confirmed owned physical retail location found after checking homepage + location/contact/about pages for addresses, store hours, and visit-us signals."
Wallplates.com,www.wallplates.com,No,0,$0,"Website scanned (signal score: 4). No confirmed owned physical retail location found after checking homepage + location/contact/about pages for addresses, store hours, and visit-us signals."
Sole Steals,www.solesteals.com,No,0,$0,"Website scanned (signal score: 4). No confirmed owned physical retail location found after checking homepage + location/contact/about pages for addresses, store hours, and visit-us signals."
C-IN2 New York,www.c-in2.com,No,0,$0,"Website scanned (signal score: 7). No confirmed owned physical retail location found after checking homepage + location/contact/about pages for addresses, store hours, and visit-us signals."
Lash Next Door,lashnextdoor.com,No,0,$0,"Website scanned (signal score: 13). No confirmed owned physical retail location found after checking homepage + location/contact/about pages for addresses, store hours, and visit-us signals."
Howler Bike Park,shop.howlerbikepark.com,No,0,$0,"Website scanned (signal score: 12). No confirmed owned physical retail location found after checking homepage + location/contact/about pages for addresses, store hours, and visit-us signals."
"Fast Cash Strips, LLC.",www.fastcashstrips.com,No,0,$0,"Website scanned (signal score: 16). No confirmed owned physical retail location found after checking homepage + location/contact/about pages for addresses, store hours, and visit-us signals."
Tini Lux,tinilux.com,No,0,$0,"Website scanned (signal score: 4). No confirmed owned physical retail location found after checking homepage + location/contact/about pages for addresses, store hours, and visit-us signals."
kate-minimalist,kateminimalist.com,No,0,$0,"Website scanned (signal score: 13). No confirmed owned physical retail location found after checking homepage + location/contact/about pages for addresses, store hours, and visit-us signals."
JDM Engine Pro,jdmenginepro.com,No,0,$0,"Website scanned (signal score: 10). No confirmed owned physical retail location found after checking homepage + location/contact/about pages for addresses, store hours, and visit-us signals."
Future Kind,www.futurekind.com,No,0,$0,"Website scanned (signal score: 7). No confirmed owned physical retail location found after checking homepage + location/contact/about pages for addresses, store hours, and visit-us signals."
Stagecoach Meat Company,stagecoachmeatcompany.com,No,0,$0,"Website scanned (signal score: 12). No confirmed owned physical retail location found after checking homepage + location/contact/about pages for addresses, store hours, and visit-us signals."
Sowears,sowears.net,No,0,$0,"Website scanned (signal score: 13). No confirmed owned physical retail location found after checking homepage + location/contact/about pages for addresses, store hours, and visit-us signals."
Stealth Hitches - The Hitch Made to be Hidden,stealthhitches.com,No,0,$0,"Website scanned (signal score: 7). No confirmed owned physical retail location found after checking homepage + location/contact/about pages for addresses, store hours, and visit-us signals."
Jane Pope Jewelry,janepopejewelry.com,No,0,$0,"Website scanned (signal score: 16). No confirmed owned physical retail location found after checking homepage + location/contact/about pages for addresses, store hours, and visit-us signals."
Orion Van Gear,orionvangear.com,No,0,$0,"Website scanned (signal score: 12). No confirmed owned physical retail location found after checking homepage + location/contact/about pages for addresses, store hours, and visit-us signals."
The Cumin Club,www.thecuminclub.com,No,0,$0,"Website scanned (signal score: 8). No confirmed owned physical retail location found after checking homepage + location/contact/about pages for addresses, store hours, and visit-us signals."
JapaneseChefsKnife.Com,japanesechefsknife.com,No,0,$0,"Website scanned (signal score: 7). No confirmed owned physical retail location found after checking homepage + location/contact/about pages for addresses, store hours, and visit-us signals."
Speed Cleaning,speedcleaning.com,No,0,$0,"Website scanned (signal score: 11). No confirmed owned physical retail location found after checking homepage + location/contact/about pages for addresses, store hours, and visit-us signals."
DARLIN',darlinbrand.com,No,0,$0,"Website scanned (signal score: 7). No confirmed owned physical retail location found after checking homepage + location/contact/about pages for addresses, store hours, and visit-us signals."
Xtreme Caliber Performance LTD,xtremecaliberperformance.ca,No,0,$0,"Website scanned (signal score: 10). No confirmed owned physical retail location found after checking homepage + location/contact/about pages for addresses, store hours, and visit-us signals."
Lakeshore Metal Decor,www.lakeshoremetaldecor.com,No,0,$0,"Website scanned (signal score: 4). No confirmed owned physical retail location found after checking homepage + location/contact/about pages for addresses, store hours, and visit-us signals."
CurezPro,curezpros.com,No,0,$0,"Website scanned (signal score: 7). No confirmed owned physical retail location found after checking homepage + location/contact/about pages for addresses, store hours, and visit-us signals."
curaiy,curaiy.com,No,0,$0,"Website scanned (signal score: 4). No confirmed owned physical retail location found after checking homepage + location/contact/about pages for addresses, store hours, and visit-us signals."
Foger Vapes,fogervapes.com,No,0,$0,EXCLUDED: Products banned from Stripe (vape/THC/kratom/nicotine).
Vitruline,vitruline.com,No,0,$0,"Website scanned (signal score: 12). No confirmed owned physical retail location found after checking homepage + location/contact/about pages for addresses, store hours, and visit-us signals."
L'entrepôt de la Réno,entrepotdelareno.com,No,0,$0,"Website scanned (signal score: 7). No confirmed owned physical retail location found after checking homepage + location/contact/about pages for addresses, store hours, and visit-us signals."
Pioneer Apparel,pioneerapparel.com,No,0,$0,"Website scanned (signal score: 30). No confirmed owned physical retail location found after checking homepage + location/contact/about pages for addresses, store hours, and visit-us signals."
The Toast Podcast,www.thetoastpodcast.com,No,0,$0,"Website scanned (signal score: 4). No confirmed owned physical retail location found after checking homepage + location/contact/about pages for addresses, store hours, and visit-us signals."
Woodline Parts,www.woodlineparts.com,No,0,$0,"Website scanned (signal score: 13). No confirmed owned physical retail location found after checking homepage + location/contact/about pages for addresses, store hours, and visit-us signals."
rosycomfy.com,www.rosycomfy.com,No,0,$0,"Website scanned (signal score: 9). No confirmed owned physical retail location found after checking homepage + location/contact/about pages for addresses, store hours, and visit-us signals."
PiShock,shopinthestorm.com,No,0,$0,"Website scanned (signal score: 7). No confirmed owned physical retail location found after checking homepage + location/contact/about pages for addresses, store hours, and visit-us signals."
War Tribe,wartribegear.com,No,0,$0,"Website scanned (signal score: 7). No confirmed owned physical retail location found after checking homepage + location/contact/about pages for addresses, store hours, and visit-us signals."
BowlersParadise.com,www.bowlersparadise.com,No,0,$0,"Website scanned (signal score: 19). No confirmed owned physical retail location found after checking homepage + location/contact/about pages for addresses, store hours, and visit-us signals."
Mason Jar Lifestyle,masonjarlifestyle.com,No,0,$0,"Website scanned (signal score: 7). No confirmed owned physical retail location found after checking homepage + location/contact/about pages for addresses, store hours, and visit-us signals."
Protein Chefs,proteinchefs.com,No,0,$0,"Website scanned (signal score: 16). No confirmed owned physical retail location found after checking homepage + location/contact/about pages for addresses, store hours, and visit-us signals."
BNR Motorsports,bnr-motorsports.myshopify.com,No,0,$0,"Website scanned (signal score: 7). No confirmed owned physical retail location found after checking homepage + location/contact/about pages for addresses, store hours, and visit-us signals."
Coconu,coconu.com,No,0,$0,"Website scanned (signal score: 4). No confirmed owned physical retail location found after checking homepage + location/contact/about pages for addresses, store hours, and visit-us signals."
SUPERCAR GARAGE ATL - Home of the McMedics!,supercargarageatl.com,No,0,$0,"Website scanned (signal score: 13). No confirmed owned physical retail location found after checking homepage + location/contact/about pages for addresses, store hours, and visit-us signals."
Viberg Wholesale,wholesale.viberg.com,No,0,$0,EXCLUDED: Wholesale/B2B/Distributor only.
Talley & Twine Watch Company,talleyandtwine.com,No,0,$0,"Website scanned (signal score: 12). No confirmed owned physical retail location found after checking homepage + location/contact/about pages for addresses, store hours, and visit-us signals."
Ripple Foods,ripplefoods.com,No,0,$0,"Website scanned (signal score: 11). No confirmed owned physical retail location found after checking homepage + location/contact/about pages for addresses, store hours, and visit-us signals."
Demon United,demon-united.com,No,0,$0,"Website scanned (signal score: 9). No confirmed owned physical retail location found after checking homepage + location/contact/about pages for addresses, store hours, and visit-us signals."
Wildly Organic,wildlyorganic.com,No,0,$0,"Website scanned (signal score: 19). No confirmed owned physical retail location found after checking homepage + location/contact/about pages for addresses, store hours, and visit-us signals."
The Rug Decor,therugdecor.com,No,0,$0,"Website scanned (signal score: 7). No confirmed owned physical retail location found after checking homepage + location/contact/about pages for addresses, store hours, and visit-us signals."
EZvacuum.com,www.ezvacuum.com,No,0,$0,"Website scanned (signal score: 9). No confirmed owned physical retail location found after checking homepage + location/contact/about pages for addresses, store hours, and visit-us signals."
Crawl Space Ninja Store,supply.crawlspaceninja.com,No,0,$0,"Website scanned (signal score: 7). No confirmed owned physical retail location found after checking homepage + location/contact/about pages for addresses, store hours, and visit-us signals."
Maxivita,maxivitaco.com,No,0,$0,"Website scanned (signal score: 9). No confirmed owned physical retail location found after checking homepage + location/contact/about pages for addresses, store hours, and visit-us signals."
Table & Twine,tableandtwine.com,No,0,$0,"Website scanned (signal score: 10). No confirmed owned physical retail location found after checking homepage + location/contact/about pages for addresses, store hours, and visit-us signals."
Magal Jewelry,secure.magaljewelry.com,No,0,$0,"Website scanned (signal score: 10). No confirmed owned physical retail location found after checking homepage + location/contact/about pages for addresses, store hours, and visit-us signals."
Pool Nation USA,www.poolnationusa.com,No,0,$0,"Website scanned (signal score: 10). No confirmed owned physical retail location found after checking homepage + location/contact/about pages for addresses, store hours, and visit-us signals."
Chic Couture Online,chiccoutureonline.com,No,0,$0,"Website scanned (signal score: 12). No confirmed owned physical retail location found after checking homepage + location/contact/about pages for addresses, store hours, and visit-us signals."
ConnecTen internet,connecteninternet.com,No,0,$0,"Website scanned (signal score: 13). No confirmed owned physical retail location found after checking homepage + location/contact/about pages for addresses, store hours, and visit-us signals."
Italian Charms,italiancharms.mx,No,0,$0,"Website scanned (signal score: 10). No confirmed owned physical retail location found after checking homepage + location/contact/about pages for addresses, store hours, and visit-us signals."
Gutter Garbs,guttergarbs.com,No,0,$0,"Website scanned (signal score: 4). No confirmed owned physical retail location found after checking homepage + location/contact/about pages for addresses, store hours, and visit-us signals."
iMemories,imemories.myshopify.com,No,0,$0,"Website scanned (signal score: 7). No confirmed owned physical retail location found after checking homepage + location/contact/about pages for addresses, store hours, and visit-us signals."
DeNova Detect,denovadetect.com,No,0,$0,"Website scanned (signal score: 12). No confirmed owned physical retail location found after checking homepage + location/contact/about pages for addresses, store hours, and visit-us signals."
Few Will Hunt,fewwillhunt.com,No,0,$0,"Website scanned (signal score: 8). No confirmed owned physical retail location found after checking homepage + location/contact/about pages for addresses, store hours, and visit-us signals."
Sable Hotel Supply,sablehotelsupply.com,No,0,$0,"Website scanned (signal score: 7). No confirmed owned physical retail location found after checking homepage + location/contact/about pages for addresses, store hours, and visit-us signals."
Roger Ximenez: Bespoke Belts and Leather Accessories,www.rogerximenez.com,No,0,$0,"Website scanned (signal score: 12). No confirmed owned physical retail location found after checking homepage + location/contact/about pages for addresses, store hours, and visit-us signals."
Hidden Hybrid Holsters,hiddenhybridholsters.com,No,0,$0,"Website scanned (signal score: 10). No confirmed owned physical retail location found after checking homepage + location/contact/about pages for addresses, store hours, and visit-us signals."
Variant Alloy Wheels,variantwheels.com,No,0,$0,"Website scanned (signal score: 18). No confirmed owned physical retail location found after checking homepage + location/contact/about pages for addresses, store hours, and visit-us signals."
CYSM PRO - Colombia y su Moda Mayoristas,cysmpro.com,No,0,$0,"Website scanned (signal score: 0). No confirmed owned physical retail location found after checking homepage + location/contact/about pages for addresses, store hours, and visit-us signals."
Ark Splash Guards,arksplashguards.com,No,0,$0,"Website scanned (signal score: 7). No confirmed owned physical retail location found after checking homepage + location/contact/about pages for addresses, store hours, and visit-us signals."
Fabulous For Five,fabulousforever.shop,No,0,$0,"Website scanned (signal score: 7). No confirmed owned physical retail location found after checking homepage + location/contact/about pages for addresses, store hours, and visit-us signals."
Diamond Custom Machines,www.melangers.com,No,0,$0,"Website scanned (signal score: 7). No confirmed owned physical retail location found after checking homepage + location/contact/about pages for addresses, store hours, and visit-us signals."
Keto Brainz Nootropics,ketobrainz.com,No,0,$0,"Website scanned (signal score: 15). No confirmed owned physical retail location found after checking homepage + location/contact/about pages for addresses, store hours, and visit-us signals."
UpriseAthlete,upriseathlete.com,No,0,$0,"Website scanned (signal score: 15). No confirmed owned physical retail location found after checking homepage + location/contact/about pages for addresses, store hours, and visit-us signals."
Bella Rose Quilts,bellarosequilts.com,No,0,$0,"Website scanned (signal score: 10). No confirmed owned physical retail location found after checking homepage + location/contact/about pages for addresses, store hours, and visit-us signals."
CloBombs,clobombs.com,No,0,$0,"Website scanned (signal score: 7). No confirmed owned physical retail location found after checking homepage + location/contact/about pages for addresses, store hours, and visit-us signals."
Bifrost Gear,www.bifrostgear.com,No,0,$0,"Website scanned (signal score: 7). No confirmed owned physical retail location found after checking homepage + location/contact/about pages for addresses, store hours, and visit-us signals."
Summoraft,summoraft.com,No,0,$0,"Website scanned (signal score: 9). No confirmed owned physical retail location found after checking homepage + location/contact/about pages for addresses, store hours, and visit-us signals."
PelviPulse,pelvipulsepro.com,No,0,$0,"Website scanned (signal score: 9). No confirmed owned physical retail location found after checking homepage + location/contact/about pages for addresses, store hours, and visit-us signals."
Aquaterra Spas,aquaterraspas.com,No,0,$0,"Website scanned (signal score: 13). No confirmed owned physical retail location found after checking homepage + location/contact/about pages for addresses, store hours, and visit-us signals."
The Budget Mom,shop.thebudgetmom.com,No,0,$0,"Website scanned (signal score: 7). No confirmed owned physical retail location found after checking homepage + location/contact/about pages for addresses, store hours, and visit-us signals."
Air Freshener Marketing,airfreshenermarketing.com,No,0,$0,"Website scanned (signal score: 7). No confirmed owned physical retail location found after checking homepage + location/contact/about pages for addresses, store hours, and visit-us signals."
Marcus Pierce,shopmarcuspierce.com,No,0,$0,"Website scanned (signal score: 9). No confirmed owned physical retail location found after checking homepage + location/contact/about pages for addresses, store hours, and visit-us signals."
Well Told,welltolddesign.com,No,0,$0,"Website scanned (signal score: 10). No confirmed owned physical retail location found after checking homepage + location/contact/about pages for addresses, store hours, and visit-us signals."
INVISASOX,www.invisasox.com,No,0,$0,"Website scanned (signal score: 4). No confirmed owned physical retail location found after checking homepage + location/contact/about pages for addresses, store hours, and visit-us signals."
LandscapeDirect,landscapedirect.ca,No,0,$0,"Website scanned (signal score: 13). No confirmed owned physical retail location found after checking homepage + location/contact/about pages for addresses, store hours, and visit-us signals."
omeuchip,omeuchip.com,No,0,$0,"Website scanned (signal score: 4). No confirmed owned physical retail location found after checking homepage + location/contact/about pages for addresses, store hours, and visit-us signals."
Engineered Coooling Products,ecp-radiator.com,No,0,$0,"Website scanned (signal score: 4). No confirmed owned physical retail location found after checking homepage + location/contact/about pages for addresses, store hours, and visit-us signals."
Red Label Abrasives,www.redlabelabrasives.com,No,0,$0,"Website scanned (signal score: 13). No confirmed owned physical retail location found after checking homepage + location/contact/about pages for addresses, store hours, and visit-us signals."
Sync Botanicals,syncbotanicalsco.com,No,0,$0,"Website scanned (signal score: 4). No confirmed owned physical retail location found after checking homepage + location/contact/about pages for addresses, store hours, and visit-us signals."
Action Machine Inc,www.actionmachineinc.com,No,0,$0,"Website scanned (signal score: 9). No confirmed owned physical retail location found after checking homepage + location/contact/about pages for addresses, store hours, and visit-us signals."
Oiwa Garage,oiwagarage.co,No,0,$0,"Website scanned (signal score: 5). No confirmed owned physical retail location found after checking homepage + location/contact/about pages for addresses, store hours, and visit-us signals."
Maya Kern,store.mayakern.com,No,0,$0,"Website scanned (signal score: 15). No confirmed owned physical retail location found after checking homepage + location/contact/about pages for addresses, store hours, and visit-us signals."
Ride Out Supply,rideoutsupply.com,No,0,$0,"Website scanned (signal score: 7). No confirmed owned physical retail location found after checking homepage + location/contact/about pages for addresses, store hours, and visit-us signals."
Serawise,www.serawise.com,No,0,$0,"Website scanned (signal score: 12). No confirmed owned physical retail location found after checking homepage + location/contact/about pages for addresses, store hours, and visit-us signals."
Ourland Outdoor,ourlandoutdoor.com,No,0,$0,"Website scanned (signal score: 4). No confirmed owned physical retail location found after checking homepage + location/contact/about pages for addresses, store hours, and visit-us signals."
UnitedSign,www.unitedsign.com,No,0,$0,"Website scanned (signal score: 16). No confirmed owned physical retail location found after checking homepage + location/contact/about pages for addresses, store hours, and visit-us signals."
Ryno Power,rynopower.com,No,0,$0,"Website scanned (signal score: 13). No confirmed owned physical retail location found after checking homepage + location/contact/about pages for addresses, store hours, and visit-us signals."
KEVKO,kevkoracing.com,No,0,$0,"Website scanned (signal score: 10). No confirmed owned physical retail location found after checking homepage + location/contact/about pages for addresses, store hours, and visit-us signals."
Secretbargainshop,secretbargainshop.com,No,0,$0,"Website scanned. Retail signals detected but verified as non-retail (online-only portal, warehouse/office only, or no public-facing storefront)."
Project Orochi,projectorochi.com,No,0,$0,"Website scanned (signal score: 10). No confirmed owned physical retail location found after checking homepage + location/contact/about pages for addresses, store hours, and visit-us signals."
Hudson Henry Photography,shop.hudsonhenry.com,No,0,$0,"Website scanned (signal score: 4). No confirmed owned physical retail location found after checking homepage + location/contact/about pages for addresses, store hours, and visit-us signals."
Pet And Home,petandhomeco.com,No,0,$0,"Website scanned (signal score: 4). No confirmed owned physical retail location found after checking homepage + location/contact/about pages for addresses, store hours, and visit-us signals."
Felicityworldwide,felicityworldwide.com,No,0,$0,"Website scanned (signal score: 7). No confirmed owned physical retail location found after checking homepage + location/contact/about pages for addresses, store hours, and visit-us signals."
Print Natural,printnatural.com,No,0,$0,"Website scanned (signal score: 11). No confirmed owned physical retail location found after checking homepage + location/contact/about pages for addresses, store hours, and visit-us signals."
Advanced Food Intolerance Labs,advancedfoodintolerancelabs.com,No,0,$0,"Website scanned (signal score: 13). No confirmed owned physical retail location found after checking homepage + location/contact/about pages for addresses, store hours, and visit-us signals."
Plum Practicewear,plumpracticewear.com,No,0,$0,"Website scanned (signal score: 9). No confirmed owned physical retail location found after checking homepage + location/contact/about pages for addresses, store hours, and visit-us signals."
Gen5DIY,www.gen5diy.com,No,0,$0,"Website scanned (signal score: 13). No confirmed owned physical retail location found after checking homepage + location/contact/about pages for addresses, store hours, and visit-us signals."
NorCal Fire & Grill,www.norcalfireandgrill.com,No,0,$0,"Website scanned (signal score: 12). No confirmed owned physical retail location found after checking homepage + location/contact/about pages for addresses, store hours, and visit-us signals."
Boyzclub,boyzclub.com,No,0,$0,"Website scanned (signal score: 13). No confirmed owned physical retail location found after checking homepage + location/contact/about pages for addresses, store hours, and visit-us signals."
That's it. Nutrition,www.thatsitfruit.com,No,0,$0,"Website scanned (signal score: 12). No confirmed owned physical retail location found after checking homepage + location/contact/about pages for addresses, store hours, and visit-us signals."
JoyJolt,www.joyjolt.com,No,0,$0,"Website scanned (signal score: 10). No confirmed owned physical retail location found after checking homepage + location/contact/about pages for addresses, store hours, and visit-us signals."
San Antonio JDM Engines,sanantoniojdmengines.com,No,0,$0,"Website scanned (signal score: 10). No confirmed owned physical retail location found after checking homepage + location/contact/about pages for addresses, store hours, and visit-us signals."
Smile Makers,smilemakerscollection.com,No,0,$0,"Website scanned (signal score: 10). No confirmed owned physical retail location found after checking homepage + location/contact/about pages for addresses, store hours, and visit-us signals."
Livable Hair,livablehair.com,No,0,$0,"Website scanned (signal score: 18). No confirmed owned physical retail location found after checking homepage + location/contact/about pages for addresses, store hours, and visit-us signals."
Insurance Exam Queen,insuranceexamqueen.myshopify.com,No,0,$0,"Website scanned (signal score: 7). No confirmed owned physical retail location found after checking homepage + location/contact/about pages for addresses, store hours, and visit-us signals."
WTA Technologies,wta.vet,No,0,$0,"Website scanned (signal score: 12). No confirmed owned physical retail location found after checking homepage + location/contact/about pages for addresses, store hours, and visit-us signals."
Laser Safety Industries,lasersafetyindustries.com,No,0,$0,"Website scanned (signal score: 10). No confirmed owned physical retail location found after checking homepage + location/contact/about pages for addresses, store hours, and visit-us signals."
Alan Jackson Official Webstore,store.alanjackson.com,No,0,$0,"Website scanned (signal score: 7). No confirmed owned physical retail location found after checking homepage + location/contact/about pages for addresses, store hours, and visit-us signals."
TrueTrac,truetrac.com,No,0,$0,"Website scanned (signal score: 13). No confirmed owned physical retail location found after checking homepage + location/contact/about pages for addresses, store hours, and visit-us signals."
Maverick Industrial Sales,maverickindustrialsales.com,No,0,$0,"Website scanned (signal score: 13). No confirmed owned physical retail location found after checking homepage + location/contact/about pages for addresses, store hours, and visit-us signals."
Metabolic Nutrition,www.metabolicnutrition.com,No,0,$0,"Website scanned (signal score: 10). No confirmed owned physical retail location found after checking homepage + location/contact/about pages for addresses, store hours, and visit-us signals."
KGB Swimbaits,kgbswimbaits.com,No,0,$0,"Website scanned (signal score: 4). No confirmed owned physical retail location found after checking homepage + location/contact/about pages for addresses, store hours, and visit-us signals."
Pro Speaker Parts,prospeakerparts.com,No,0,$0,"Website scanned (signal score: 13). No confirmed owned physical retail location found after checking homepage + location/contact/about pages for addresses, store hours, and visit-us signals."
BAEZ,www.baezonline.com,No,0,$0,"Website scanned (signal score: 4). No confirmed owned physical retail location found after checking homepage + location/contact/about pages for addresses, store hours, and visit-us signals."
Simsima.co,simsima.co,No,0,$0,"Website scanned (signal score: 7). No confirmed owned physical retail location found after checking homepage + location/contact/about pages for addresses, store hours, and visit-us signals."
Retro Soccer Kit,retrosoccerkit.com,No,0,$0,"Website scanned (signal score: 4). No confirmed owned physical retail location found after checking homepage + location/contact/about pages for addresses, store hours, and visit-us signals."
Northwest Meadowscapes,northwestmeadowscapes.com,No,0,$0,"Website scanned (signal score: 12). No confirmed owned physical retail location found after checking homepage + location/contact/about pages for addresses, store hours, and visit-us signals."
Shaft Connect,shaftconnect.com,No,0,$0,"Website scanned (signal score: 7). No confirmed owned physical retail location found after checking homepage + location/contact/about pages for addresses, store hours, and visit-us signals."
TRAK Kayaks,www.trakkayaks.com,No,0,$0,"Website scanned (signal score: 13). No confirmed owned physical retail location found after checking homepage + location/contact/about pages for addresses, store hours, and visit-us signals."
Maya Jewelry,mayajewelry.com,No,0,$0,"Website scanned (signal score: 13). No confirmed owned physical retail location found after checking homepage + location/contact/about pages for addresses, store hours, and visit-us signals."
eurobahndynamics,eurobahndynamics.com,No,0,$0,"Website scanned (signal score: 22). No confirmed owned physical retail location found after checking homepage + location/contact/about pages for addresses, store hours, and visit-us signals."
VS Tees,vstees.com,No,0,$0,"Website scanned (signal score: 21). No confirmed owned physical retail location found after checking homepage + location/contact/about pages for addresses, store hours, and visit-us signals."
Tea Runners,tearunners.com,No,0,$0,"Website scanned (signal score: 13). No confirmed owned physical retail location found after checking homepage + location/contact/about pages for addresses, store hours, and visit-us signals."
SleepDreams,sleepdreamco.com,No,0,$0,"Website scanned (signal score: 4). No confirmed owned physical retail location found after checking homepage + location/contact/about pages for addresses, store hours, and visit-us signals."
Better Than Before Consignment,shop.btbconsignments.com,No,0,$0,"Website scanned (signal score: 4). No confirmed owned physical retail location found after checking homepage + location/contact/about pages for addresses, store hours, and visit-us signals."
Go Velure,govelure.com,No,0,$0,"Website scanned (signal score: 4). No confirmed owned physical retail location found after checking homepage + location/contact/about pages for addresses, store hours, and visit-us signals."
Prime Barrel - Single-Barrel Picks Marketplace,primebarrel.com,No,0,$0,"Website scanned (signal score: 4). No confirmed owned physical retail location found after checking homepage + location/contact/about pages for addresses, store hours, and visit-us signals."
SUSANNA CHOW,susannachownyc.com,No,0,$0,"Website scanned (signal score: 4). No confirmed owned physical retail location found after checking homepage + location/contact/about pages for addresses, store hours, and visit-us signals."
Armament Technology Inc.,armament.com,No,0,$0,"Website scanned (signal score: 7). No confirmed owned physical retail location found after checking homepage + location/contact/about pages for addresses, store hours, and visit-us signals."
Starfront Observatories,shopify.starfront.space,No,0,$0,"Website scanned (signal score: 10). No confirmed owned physical retail location found after checking homepage + location/contact/about pages for addresses, store hours, and visit-us signals."
Atwood Rope MFG,atwoodrope.com,No,0,$0,"Website scanned (signal score: 12). No confirmed owned physical retail location found after checking homepage + location/contact/about pages for addresses, store hours, and visit-us signals."
HerNaturals🎀,hernaturals.co,No,0,$0,"Website scanned (signal score: 8). No confirmed owned physical retail location found after checking homepage + location/contact/about pages for addresses, store hours, and visit-us signals."
Maptote,www.maptote.com,No,0,$0,"Website scanned (signal score: 15). No confirmed owned physical retail location found after checking homepage + location/contact/about pages for addresses, store hours, and visit-us signals."
Nexenzo,www.nexenzo.com,No,0,$0,"Website scanned (signal score: 15). No confirmed owned physical retail location found after checking homepage + location/contact/about pages for addresses, store hours, and visit-us signals."
USA Tool Depot,usatooldepot.com,No,0,$0,"Website scanned (signal score: 14). No confirmed owned physical retail location found after checking homepage + location/contact/about pages for addresses, store hours, and visit-us signals."
PUPSENTIALS,www.pupsentials.com,No,0,$0,"Website scanned (signal score: 13). No confirmed owned physical retail location found after checking homepage + location/contact/about pages for addresses, store hours, and visit-us signals."
Try-Blue,tryblue.org,No,0,$0,"Website scanned (signal score: 16). No confirmed owned physical retail location found after checking homepage + location/contact/about pages for addresses, store hours, and visit-us signals."
Kelco Supply Company,kelcosupply.com,No,0,$0,"Website scanned (signal score: 4). No confirmed owned physical retail location found after checking homepage + location/contact/about pages for addresses, store hours, and visit-us signals."
Ceretone Hearing Aids,ceretone.com,No,0,$0,"Website scanned (signal score: 15). No confirmed owned physical retail location found after checking homepage + location/contact/about pages for addresses, store hours, and visit-us signals."
Ergo Sky,myergosky.com,No,0,$0,"Website scanned (signal score: 9). No confirmed owned physical retail location found after checking homepage + location/contact/about pages for addresses, store hours, and visit-us signals."
Main Street Forge,mainstreetforge.com,No,0,$0,"Website scanned (signal score: 10). No confirmed owned physical retail location found after checking homepage + location/contact/about pages for addresses, store hours, and visit-us signals."
306 Sports Cards,www.306sportscards.com,No,0,$0,"Website scanned (signal score: 18). No confirmed owned physical retail location found after checking homepage + location/contact/about pages for addresses, store hours, and visit-us signals."
Autobriva,ipy7cy-kr.myshopify.com,No,0,$0,"Website scanned (signal score: 4). No confirmed owned physical retail location found after checking homepage + location/contact/about pages for addresses, store hours, and visit-us signals."
Bonka Bird Toys,bonkabirdtoys.com,No,0,$0,"Website scanned (signal score: 22). No confirmed owned physical retail location found after checking homepage + location/contact/about pages for addresses, store hours, and visit-us signals."
Toplux,trytoplux.shop,No,0,$0,"Website scanned (signal score: 10). No confirmed owned physical retail location found after checking homepage + location/contact/about pages for addresses, store hours, and visit-us signals."
Séura,seura.com,No,0,$0,"Website scanned (signal score: 15). No confirmed owned physical retail location found after checking homepage + location/contact/about pages for addresses, store hours, and visit-us signals."
Mobi-mat® Shop,shop.mobi-mat.com,No,0,$0,"Website scanned (signal score: 10). No confirmed owned physical retail location found after checking homepage + location/contact/about pages for addresses, store hours, and visit-us signals."
TenThreeGraphics.com,tenthreegraphics.com,No,0,$0,"Website scanned (signal score: 7). No confirmed owned physical retail location found after checking homepage + location/contact/about pages for addresses, store hours, and visit-us signals."
Sportscards.com,sportscards.com,No,0,$0,"Website scanned (signal score: 4). No confirmed owned physical retail location found after checking homepage + location/contact/about pages for addresses, store hours, and visit-us signals."
Aloxxi Professional,pro.aloxxi.com,No,0,$0,"Website scanned (signal score: 7). No confirmed owned physical retail location found after checking homepage + location/contact/about pages for addresses, store hours, and visit-us signals."
Lifekind®,lifekind.com,No,0,$0,"Website scanned (signal score: 13). No confirmed owned physical retail location found after checking homepage + location/contact/about pages for addresses, store hours, and visit-us signals."
Heidi Gibson,shop.heidigibson.com,No,0,$0,"Website scanned (signal score: 4). No confirmed owned physical retail location found after checking homepage + location/contact/about pages for addresses, store hours, and visit-us signals."
Girlz Ink,www.girlzink.com,No,0,$0,"Website scanned (signal score: 13). No confirmed owned physical retail location found after checking homepage + location/contact/about pages for addresses, store hours, and visit-us signals."
Exactly Right Store,exactlyrightstore.com,No,0,$0,"Website scanned (signal score: 7). No confirmed owned physical retail location found after checking homepage + location/contact/about pages for addresses, store hours, and visit-us signals."
Speedrite Electric Fence Chargers / Energizers & Tru-Test Livestock Scales from Valley Farm Supply,www.speedritechargers.com,No,0,$0,EXCLUDED: Test/sandbox/demo store.
MOMMYWHOLESALE.COM,www.mommywholesale.com,No,0,$0,"Website scanned (signal score: 0). No confirmed owned physical retail location found after checking homepage + location/contact/about pages for addresses, store hours, and visit-us signals."
Lynn’s Discounts,www.lynnsdiscounts.com,No,0,$0,"Website scanned (signal score: 18). No confirmed owned physical retail location found after checking homepage + location/contact/about pages for addresses, store hours, and visit-us signals."
The Canada Popcorn Company,popcornmachine.ca,No,0,$0,"Website scanned (signal score: 12). No confirmed owned physical retail location found after checking homepage + location/contact/about pages for addresses, store hours, and visit-us signals."
Oak City Inline Skate Shop,oakcityskate.com,No,0,$0,"Website scanned (signal score: 7). No confirmed owned physical retail location found after checking homepage + location/contact/about pages for addresses, store hours, and visit-us signals."
Onekid,onekid.com,No,0,$0,"Website scanned (signal score: 4). No confirmed owned physical retail location found after checking homepage + location/contact/about pages for addresses, store hours, and visit-us signals."
Chill-N-Reel®,chillnreel.com,No,0,$0,"Website scanned (signal score: 10). No confirmed owned physical retail location found after checking homepage + location/contact/about pages for addresses, store hours, and visit-us signals."
Legator Guitars US,legatorguitars.com,No,0,$0,"Website scanned (signal score: 12). No confirmed owned physical retail location found after checking homepage + location/contact/about pages for addresses, store hours, and visit-us signals."
SlimSpaOnline,slimspaonline.com,No,0,$0,"Website scanned (signal score: 9). No confirmed owned physical retail location found after checking homepage + location/contact/about pages for addresses, store hours, and visit-us signals."
Hammerly Ceramics,www.hammerlyceramics.com,No,0,$0,"Website scanned (signal score: 10). No confirmed owned physical retail location found after checking homepage + location/contact/about pages for addresses, store hours, and visit-us signals."
MyCozyBoots,mcozyboots.com,No,0,$0,"Website scanned (signal score: 24). No confirmed owned physical retail location found after checking homepage + location/contact/about pages for addresses, store hours, and visit-us signals."
ETSpec.com,etspec.com,No,0,$0,"Website scanned (signal score: 4). No confirmed owned physical retail location found after checking homepage + location/contact/about pages for addresses, store hours, and visit-us signals."
The Midnight (US),store-us.themidnightofficial.com,No,0,$0,"Website scanned (signal score: 13). No confirmed owned physical retail location found after checking homepage + location/contact/about pages for addresses, store hours, and visit-us signals."
Organic Cotton Plus,organiccottonplus.com,No,0,$0,"Website scanned (signal score: 4). No confirmed owned physical retail location found after checking homepage + location/contact/about pages for addresses, store hours, and visit-us signals."
Let's Roll Mobility,letsrollmobility.com,No,0,$0,"Website scanned (signal score: 5). No confirmed owned physical retail location found after checking homepage + location/contact/about pages for addresses, store hours, and visit-us signals."
Home Improvement Supply,home-improvement-supply.myshopify.com,No,0,$0,"Website scanned (signal score: 4). No confirmed owned physical retail location found after checking homepage + location/contact/about pages for addresses, store hours, and visit-us signals."
Atla Water,atlawater.com,No,0,$0,"Website scanned (signal score: 9). No confirmed owned physical retail location found after checking homepage + location/contact/about pages for addresses, store hours, and visit-us signals."
Onex Shoes,www.onexshoes.com,No,0,$0,"Website scanned (signal score: 4). No confirmed owned physical retail location found after checking homepage + location/contact/about pages for addresses, store hours, and visit-us signals."
Dermachom.com,dermachom.com,No,0,$0,"Website scanned (signal score: 7). No confirmed owned physical retail location found after checking homepage + location/contact/about pages for addresses, store hours, and visit-us signals."
Vela Vici 🇫🇷,velavici.com,No,0,$0,"Website scanned (signal score: 4). No confirmed owned physical retail location found after checking homepage + location/contact/about pages for addresses, store hours, and visit-us signals."
Pure Over,pureover.com,No,0,$0,"Website scanned (signal score: 4). No confirmed owned physical retail location found after checking homepage + location/contact/about pages for addresses, store hours, and visit-us signals."
Ojais Wellness,www.ojaiswellness.com,No,0,$0,"Website scanned (signal score: 4). No confirmed owned physical retail location found after checking homepage + location/contact/about pages for addresses, store hours, and visit-us signals."
CompoCloset,compocloset.com,No,0,$0,"Website scanned (signal score: 4). No confirmed owned physical retail location found after checking homepage + location/contact/about pages for addresses, store hours, and visit-us signals."
medicrunch,www.medicrunch.com,No,0,$0,"Website scanned (signal score: 7). No confirmed owned physical retail location found after checking homepage + location/contact/about pages for addresses, store hours, and visit-us signals."
August Burns Red Official Store,augustburnsredtourmerch.com,No,0,$0,"Website scanned (signal score: 7). No confirmed owned physical retail location found after checking homepage + location/contact/about pages for addresses, store hours, and visit-us signals."
Pride of Bristol Bay,prideofbristolbay.com,No,0,$0,"Website scanned (signal score: 7). No confirmed owned physical retail location found after checking homepage + location/contact/about pages for addresses, store hours, and visit-us signals."
Coco & Rho,www.cocoandrho.com,No,0,$0,"Website scanned (signal score: 7). No confirmed owned physical retail location found after checking homepage + location/contact/about pages for addresses, store hours, and visit-us signals."
Secured Tech,shop.securedtech.com,No,0,$0,"Website scanned (signal score: 9). No confirmed owned physical retail location found after checking homepage + location/contact/about pages for addresses, store hours, and visit-us signals."
Little Ouchies,littleouchies.com,No,0,$0,"Website scanned (signal score: 14). No confirmed owned physical retail location found after checking homepage + location/contact/about pages for addresses, store hours, and visit-us signals."
LUMINOUS COFFEE,www.loveluminous.coffee,No,0,$0,"Website scanned (signal score: 7). No confirmed owned physical retail location found after checking homepage + location/contact/about pages for addresses, store hours, and visit-us signals."
Noor Jouels,www.noorjouel.com,No,0,$0,"Website scanned (signal score: 12). No confirmed owned physical retail location found after checking homepage + location/contact/about pages for addresses, store hours, and visit-us signals."
LESSE,lesseofficial.com,No,0,$0,"Website scanned (signal score: 4). No confirmed owned physical retail location found after checking homepage + location/contact/about pages for addresses, store hours, and visit-us signals."
Made on Jupiter,madeonjupiterleatherlab.com,No,0,$0,"Website scanned (signal score: 7). No confirmed owned physical retail location found after checking homepage + location/contact/about pages for addresses, store hours, and visit-us signals."
ZeroSportsDepot.com,zerosportsdepot.com,No,0,$0,"Website scanned (signal score: 10). No confirmed owned physical retail location found after checking homepage + location/contact/about pages for addresses, store hours, and visit-us signals."
Westheffer,westheffer.com,No,0,$0,"Website scanned (signal score: 13). No confirmed owned physical retail location found after checking homepage + location/contact/about pages for addresses, store hours, and visit-us signals."
Revival Marine Care,www.shoprevivalmarinecare.com,No,0,$0,"Website scanned (signal score: 21). No confirmed owned physical retail location found after checking homepage + location/contact/about pages for addresses, store hours, and visit-us signals."
Tarps & Tie-Downs,tarpstiedowns.com,No,0,$0,"Website scanned (signal score: 12). No confirmed owned physical retail location found after checking homepage + location/contact/about pages for addresses, store hours, and visit-us signals."
Paper and Supply,paperandsupply.com,No,0,$0,"Website scanned (signal score: 7). No confirmed owned physical retail location found after checking homepage + location/contact/about pages for addresses, store hours, and visit-us signals."
PartsNet,partsnet.ca,No,0,$0,"Website scanned (signal score: 7). No confirmed owned physical retail location found after checking homepage + location/contact/about pages for addresses, store hours, and visit-us signals."
KUANIA,kuania.com,No,0,$0,"Website scanned (signal score: 0). No confirmed owned physical retail location found after checking homepage + location/contact/about pages for addresses, store hours, and visit-us signals."
Raingler,raingler.com,No,0,$0,"Website scanned (signal score: 19). No confirmed owned physical retail location found after checking homepage + location/contact/about pages for addresses, store hours, and visit-us signals."
Wook Books Coloring,wookbooks.com,No,0,$0,"Website scanned (signal score: 7). No confirmed owned physical retail location found after checking homepage + location/contact/about pages for addresses, store hours, and visit-us signals."
Carbon Showroom,carbonshowroom.com,No,0,$0,"Website scanned (signal score: 18). No confirmed owned physical retail location found after checking homepage + location/contact/about pages for addresses, store hours, and visit-us signals."
Belyser,belyser-shop.com,No,0,$0,"Website scanned (signal score: 7). No confirmed owned physical retail location found after checking homepage + location/contact/about pages for addresses, store hours, and visit-us signals."
Okra & Molly,okraandmolly.com,No,0,$0,"Website scanned (signal score: 11). No confirmed owned physical retail location found after checking homepage + location/contact/about pages for addresses, store hours, and visit-us signals."
brooksienaturals,shopbrooksie.com,No,0,$0,"Website scanned (signal score: 7). No confirmed owned physical retail location found after checking homepage + location/contact/about pages for addresses, store hours, and visit-us signals."
hammy3dprints,hammy3dprints.com,No,0,$0,"Website scanned (signal score: 12). No confirmed owned physical retail location found after checking homepage + location/contact/about pages for addresses, store hours, and visit-us signals."
ArtEast Studio,members.arteaststudio.net,No,0,$0,"Website scanned (signal score: 7). No confirmed owned physical retail location found after checking homepage + location/contact/about pages for addresses, store hours, and visit-us signals."
Rework Office Furniture,rework-furniture.com,No,0,$0,"Website scanned (signal score: 7). No confirmed owned physical retail location found after checking homepage + location/contact/about pages for addresses, store hours, and visit-us signals."
ELAC America,elac-america.myshopify.com,No,0,$0,"Website scanned (signal score: 13). No confirmed owned physical retail location found after checking homepage + location/contact/about pages for addresses, store hours, and visit-us signals."
ecustomrim,www.ecustomrim.com,No,0,$0,"Website scanned (signal score: 4). No confirmed owned physical retail location found after checking homepage + location/contact/about pages for addresses, store hours, and visit-us signals."
IIID MAX,iiidmax.com,No,0,$0,"Website scanned (signal score: 7). No confirmed owned physical retail location found after checking homepage + location/contact/about pages for addresses, store hours, and visit-us signals."
True Seal Gaskets,www.truesealgaskets.com,No,0,$0,"Website scanned (signal score: 7). No confirmed owned physical retail location found after checking homepage + location/contact/about pages for addresses, store hours, and visit-us signals."
QuiltwithMissKate,www.quiltwithmisskate.com,No,0,$0,"Website scanned (signal score: 7). No confirmed owned physical retail location found after checking homepage + location/contact/about pages for addresses, store hours, and visit-us signals."
RPFILMS,rpwindowfilms.com,No,0,$0,"Website scanned (signal score: 4). No confirmed owned physical retail location found after checking homepage + location/contact/about pages for addresses, store hours, and visit-us signals."
Rip Van,www.ripvan.com,No,0,$0,"Website scanned (signal score: 5). No confirmed owned physical retail location found after checking homepage + location/contact/about pages for addresses, store hours, and visit-us signals."
LÍLLÉbaby,www.lillebaby.com,No,0,$0,"Website scanned (signal score: 7). No confirmed owned physical retail location found after checking homepage + location/contact/about pages for addresses, store hours, and visit-us signals."
All Three,www.allthreestudio.com,No,0,$0,"Website scanned (signal score: 4). No confirmed owned physical retail location found after checking homepage + location/contact/about pages for addresses, store hours, and visit-us signals."
Preaux Tuning,www.preauxtuning.com,No,0,$0,"Website scanned (signal score: 7). No confirmed owned physical retail location found after checking homepage + location/contact/about pages for addresses, store hours, and visit-us signals."
Extreme Wellness Supply,extremewellnesssupply.com,No,0,$0,"Website scanned (signal score: 8). No confirmed owned physical retail location found after checking homepage + location/contact/about pages for addresses, store hours, and visit-us signals."
WLO Store,wlostore.com,No,0,$0,"Website scanned (signal score: 12). No confirmed owned physical retail location found after checking homepage + location/contact/about pages for addresses, store hours, and visit-us signals."
VitalForge,vitalforgemd.com,No,0,$0,"Website scanned (signal score: 4). No confirmed owned physical retail location found after checking homepage + location/contact/about pages for addresses, store hours, and visit-us signals."
"McIntosh Laboratory, Inc.",shop.mcintoshlabs.com,No,0,$0,"Website scanned (signal score: 9). No confirmed owned physical retail location found after checking homepage + location/contact/about pages for addresses, store hours, and visit-us signals."
Mammoth,mammoth.band,No,0,$0,"Website scanned (signal score: 7). No confirmed owned physical retail location found after checking homepage + location/contact/about pages for addresses, store hours, and visit-us signals."
Plastic Products Mfg.,plasticproductsmfg.com,No,0,$0,"Website scanned (signal score: 18). No confirmed owned physical retail location found after checking homepage + location/contact/about pages for addresses, store hours, and visit-us signals."
Nomad-Design-International,www.nomadtackle.com.au,No,0,$0,"Website scanned (signal score: 17). No confirmed owned physical retail location found after checking homepage + location/contact/about pages for addresses, store hours, and visit-us signals."
Ground Score,mygroundscore.com,No,0,$0,"Website scanned (signal score: 7). No confirmed owned physical retail location found after checking homepage + location/contact/about pages for addresses, store hours, and visit-us signals."
AccessDivision,accessdivision.com,No,0,$0,"Website scanned (signal score: 17). No confirmed owned physical retail location found after checking homepage + location/contact/about pages for addresses, store hours, and visit-us signals."
Flagshipgifts,flagshipgifts.com,No,0,$0,"Website scanned (signal score: 10). No confirmed owned physical retail location found after checking homepage + location/contact/about pages for addresses, store hours, and visit-us signals."
Purely Relaxation,www.purelyrelaxation.com,No,0,$0,"Website scanned (signal score: 2). No confirmed owned physical retail location found after checking homepage + location/contact/about pages for addresses, store hours, and visit-us signals."
38 Motorsports LLC,38motorsports.com,No,0,$0,"Website scanned (signal score: 7). No confirmed owned physical retail location found after checking homepage + location/contact/about pages for addresses, store hours, and visit-us signals."
Concept 841,concept841.com,No,0,$0,"Website scanned (signal score: 7). No confirmed owned physical retail location found after checking homepage + location/contact/about pages for addresses, store hours, and visit-us signals."
"All Star CNC Products, Inc",store.allstarcnc.com,No,0,$0,"Website scanned (signal score: 7). No confirmed owned physical retail location found after checking homepage + location/contact/about pages for addresses, store hours, and visit-us signals."
Lyricalhair,lyricalhair.com,No,0,$0,"Website scanned (signal score: 16). No confirmed owned physical retail location found after checking homepage + location/contact/about pages for addresses, store hours, and visit-us signals."
Oneway77JC,oneway77jc.com,No,0,$0,"Website scanned (signal score: 10). No confirmed owned physical retail location found after checking homepage + location/contact/about pages for addresses, store hours, and visit-us signals."
StableFeed,stablefeed.com,No,0,$0,"Website scanned (signal score: 7). No confirmed owned physical retail location found after checking homepage + location/contact/about pages for addresses, store hours, and visit-us signals."
Fabli,fabli.co,No,0,$0,"Website scanned (signal score: 7). No confirmed owned physical retail location found after checking homepage + location/contact/about pages for addresses, store hours, and visit-us signals."
Eagle Bounce,eaglebounce.com,No,0,$0,"Website scanned (signal score: 7). No confirmed owned physical retail location found after checking homepage + location/contact/about pages for addresses, store hours, and visit-us signals."
Franklin BBQ Pits,franklinbbqpits.com,No,0,$0,"Website scanned (signal score: 10). No confirmed owned physical retail location found after checking homepage + location/contact/about pages for addresses, store hours, and visit-us signals."
Pc Room,thepcroom.com,No,0,$0,"Website scanned (signal score: 22). No confirmed owned physical retail location found after checking homepage + location/contact/about pages for addresses, store hours, and visit-us signals."
Clevens Face and Body Specialists,shop.drclevens.com,No,0,$0,"Website scanned (signal score: 12). No confirmed owned physical retail location found after checking homepage + location/contact/about pages for addresses, store hours, and visit-us signals."
Hotel Emma,shop.thehotelemma.com,No,0,$0,"Website scanned (signal score: 4). No confirmed owned physical retail location found after checking homepage + location/contact/about pages for addresses, store hours, and visit-us signals."
Riverboat Discovery,shopify.riverboatdiscovery.com,No,0,$0,"Website scanned (signal score: 7). No confirmed owned physical retail location found after checking homepage + location/contact/about pages for addresses, store hours, and visit-us signals."
Garden Tool Company,www.gardentoolcompany.com,No,0,$0,"Website scanned (signal score: 12). No confirmed owned physical retail location found after checking homepage + location/contact/about pages for addresses, store hours, and visit-us signals."
Bushere & Son Iron Studio Inc.,bushereandson.com,No,0,$0,"Website scanned (signal score: 13). No confirmed owned physical retail location found after checking homepage + location/contact/about pages for addresses, store hours, and visit-us signals."
Avatar Merch USA,usa.avatarmetal.com,No,0,$0,"Website scanned (signal score: 10). No confirmed owned physical retail location found after checking homepage + location/contact/about pages for addresses, store hours, and visit-us signals."
PurelyWHITE DELUXE,purelywhitedeluxe.com,No,0,$0,"Website scanned (signal score: 4). No confirmed owned physical retail location found after checking homepage + location/contact/about pages for addresses, store hours, and visit-us signals."
STEP 22 Gear,step22gear.com,No,0,$0,"Website scanned (signal score: 7). No confirmed owned physical retail location found after checking homepage + location/contact/about pages for addresses, store hours, and visit-us signals."
BassBoatWired.com,www.bassboatwired.com,No,0,$0,"Website scanned (signal score: 4). No confirmed owned physical retail location found after checking homepage + location/contact/about pages for addresses, store hours, and visit-us signals."
Austin Flower Delivery,austinflowerdelivery.com,No,0,$0,"Website scanned (signal score: 9). No confirmed owned physical retail location found after checking homepage + location/contact/about pages for addresses, store hours, and visit-us signals."
Whale Pod Shipper,whalepodshipper.com,No,0,$0,"Website scanned (signal score: 10). No confirmed owned physical retail location found after checking homepage + location/contact/about pages for addresses, store hours, and visit-us signals."
JAENEA,jaenea.com,No,0,$0,"Website scanned (signal score: 4). No confirmed owned physical retail location found after checking homepage + location/contact/about pages for addresses, store hours, and visit-us signals."
I AM LEADER,iamleader.com,No,0,$0,"Website scanned (signal score: 13). No confirmed owned physical retail location found after checking homepage + location/contact/about pages for addresses, store hours, and visit-us signals."
BIM,biminter.com,No,0,$0,"Website scanned (signal score: 4). No confirmed owned physical retail location found after checking homepage + location/contact/about pages for addresses, store hours, and visit-us signals."
Ecoslay Wholesale,ecoslay-wholesale.com,No,0,$0,EXCLUDED: Wholesale/B2B/Distributor only.
OKTAGON,oktagon-shop.com,No,0,$0,"Website scanned (signal score: 7). No confirmed owned physical retail location found after checking homepage + location/contact/about pages for addresses, store hours, and visit-us signals."
Redwoods Pro Installer Store,redwoods.lighting,No,0,$0,"Website scanned (signal score: 7). No confirmed owned physical retail location found after checking homepage + location/contact/about pages for addresses, store hours, and visit-us signals."
Double Cross Clothing Co.,doublecrossclothingco.com,No,0,$0,"Website scanned (signal score: 7). No confirmed owned physical retail location found after checking homepage + location/contact/about pages for addresses, store hours, and visit-us signals."
Mara Pro,shop.marapmu.com,No,0,$0,"Website scanned (signal score: 7). No confirmed owned physical retail location found after checking homepage + location/contact/about pages for addresses, store hours, and visit-us signals."
The DB Method,thedbmethod.com,No,0,$0,"Website scanned (signal score: 9). No confirmed owned physical retail location found after checking homepage + location/contact/about pages for addresses, store hours, and visit-us signals."
wholesomenova,wholesomenova.com,No,0,$0,"Website scanned (signal score: 13). No confirmed owned physical retail location found after checking homepage + location/contact/about pages for addresses, store hours, and visit-us signals."
The Silent Rider,atvsilencer.com,No,0,$0,"Website scanned (signal score: 7). No confirmed owned physical retail location found after checking homepage + location/contact/about pages for addresses, store hours, and visit-us signals."
Remonte Shoes,remonte.us,No,0,$0,"Website scanned (signal score: 7). No confirmed owned physical retail location found after checking homepage + location/contact/about pages for addresses, store hours, and visit-us signals."
The Old Man's Garage,theoldmansgarage.shop,No,0,$0,"Website scanned (signal score: 7). No confirmed owned physical retail location found after checking homepage + location/contact/about pages for addresses, store hours, and visit-us signals."
Dave's Boots,www.davesboots.com,No,0,$0,"Website scanned (signal score: 13). No confirmed owned physical retail location found after checking homepage + location/contact/about pages for addresses, store hours, and visit-us signals."
Pro Special Hardwood,pros.specialhardwood.com,No,0,$0,"Website scanned (signal score: 12). No confirmed owned physical retail location found after checking homepage + location/contact/about pages for addresses, store hours, and visit-us signals."
J. Lee Bag Co.,www.jleebagco.com,No,0,$0,"Website scanned (signal score: 10). No confirmed owned physical retail location found after checking homepage + location/contact/about pages for addresses, store hours, and visit-us signals."
Honey Bee,honeybeez.com,No,0,$0,"Website scanned (signal score: 8). No confirmed owned physical retail location found after checking homepage + location/contact/about pages for addresses, store hours, and visit-us signals."
EuropeanBronze,www.europeanbronze.com,No,0,$0,"Website scanned (signal score: 11). No confirmed owned physical retail location found after checking homepage + location/contact/about pages for addresses, store hours, and visit-us signals."
VANPOWERS LTD,www.vanpowers.com,No,0,$0,"Website scanned (signal score: 24). No confirmed owned physical retail location found after checking homepage + location/contact/about pages for addresses, store hours, and visit-us signals."
theMacroLAB,the-macrolab.com,No,0,$0,"Website scanned (signal score: 16). No confirmed owned physical retail location found after checking homepage + location/contact/about pages for addresses, store hours, and visit-us signals."
AGED IVY,agedivy.com,No,0,$0,"Website scanned (signal score: 7). No confirmed owned physical retail location found after checking homepage + location/contact/about pages for addresses, store hours, and visit-us signals."
Vitruvin Longevity Supplements,www.vitruvin.com,No,0,$0,"Website scanned (signal score: 12). No confirmed owned physical retail location found after checking homepage + location/contact/about pages for addresses, store hours, and visit-us signals."
Glamabayasss,glamabayasss.com,No,0,$0,"Website scanned (signal score: 4). No confirmed owned physical retail location found after checking homepage + location/contact/about pages for addresses, store hours, and visit-us signals."
Arcades Market,arcadesmarket.com,No,0,$0,"Website scanned (signal score: 10). No confirmed owned physical retail location found after checking homepage + location/contact/about pages for addresses, store hours, and visit-us signals."
Automatic Waterer Parts,www.automaticwatererparts.com,No,0,$0,"Website scanned (signal score: 17). No confirmed owned physical retail location found after checking homepage + location/contact/about pages for addresses, store hours, and visit-us signals."
Vancouver Baskets,vancouverbaskets.ca,No,0,$0,"Website scanned (signal score: 9). No confirmed owned physical retail location found after checking homepage + location/contact/about pages for addresses, store hours, and visit-us signals."
Roar Organic,roarorganic.com,No,0,$0,"Website scanned (signal score: 19). No confirmed owned physical retail location found after checking homepage + location/contact/about pages for addresses, store hours, and visit-us signals."
Blueprint CoC,blueprintcoc.com,No,0,$0,"Website scanned (signal score: 7). No confirmed owned physical retail location found after checking homepage + location/contact/about pages for addresses, store hours, and visit-us signals."
CoolBreeze Beverages,shop.coolbreezebeverages.com,No,0,$0,"Website scanned (signal score: 10). No confirmed owned physical retail location found after checking homepage + location/contact/about pages for addresses, store hours, and visit-us signals."
Kinetic Society LLC,www.kineticsociety.com,No,0,$0,"Website scanned (signal score: 7). No confirmed owned physical retail location found after checking homepage + location/contact/about pages for addresses, store hours, and visit-us signals."
thesailwarehouse,thesailwarehouse.com,No,0,$0,"Website scanned (signal score: 7). No confirmed owned physical retail location found after checking homepage + location/contact/about pages for addresses, store hours, and visit-us signals."
Dermaesthetics For Professionals,pro.dermaestheticsusa.com,No,0,$0,"Website scanned (signal score: 9). No confirmed owned physical retail location found after checking homepage + location/contact/about pages for addresses, store hours, and visit-us signals."
Combat Textiles,www.combattextiles.com,No,0,$0,"Website scanned (signal score: 7). No confirmed owned physical retail location found after checking homepage + location/contact/about pages for addresses, store hours, and visit-us signals."
Zero Fitness US,zerofitness.us,No,0,$0,"Website scanned (signal score: 16). No confirmed owned physical retail location found after checking homepage + location/contact/about pages for addresses, store hours, and visit-us signals."
SwissKubik,swisskubikus.com,No,0,$0,"Website scanned (signal score: 7). No confirmed owned physical retail location found after checking homepage + location/contact/about pages for addresses, store hours, and visit-us signals."
Plug N Play Kits,plugnplaykits.com,No,0,$0,"Website scanned (signal score: 4). No confirmed owned physical retail location found after checking homepage + location/contact/about pages for addresses, store hours, and visit-us signals."
Active Source Lab,active-source-lab.myshopify.com,No,0,$0,"Website scanned (signal score: 4). No confirmed owned physical retail location found after checking homepage + location/contact/about pages for addresses, store hours, and visit-us signals."
StretchyScreens,stretchyscreens.com,No,0,$0,"Website scanned (signal score: 16). No confirmed owned physical retail location found after checking homepage + location/contact/about pages for addresses, store hours, and visit-us signals."
Hope Innovations,hopeinnovation.ca,No,0,$0,"Website scanned (signal score: 12). No confirmed owned physical retail location found after checking homepage + location/contact/about pages for addresses, store hours, and visit-us signals."
Captain Chucks Flavor Island,www.captainchucksflavorisland.com,No,0,$0,"Website scanned (signal score: 10). No confirmed owned physical retail location found after checking homepage + location/contact/about pages for addresses, store hours, and visit-us signals."
Herb's Fortune,www.herbsfortune.com,No,0,$0,"Website scanned (signal score: 7). No confirmed owned physical retail location found after checking homepage + location/contact/about pages for addresses, store hours, and visit-us signals."
We Fight Monsters,wefightmonsters.org,No,0,$0,"Website scanned (signal score: 10). No confirmed owned physical retail location found after checking homepage + location/contact/about pages for addresses, store hours, and visit-us signals."
"AeroForce Technology, Inc.",aeroforcetech.com,No,0,$0,"Website scanned (signal score: 7). No confirmed owned physical retail location found after checking homepage + location/contact/about pages for addresses, store hours, and visit-us signals."
Annual Ornaments,www.annualornaments.com,No,0,$0,"Website scanned (signal score: 7). No confirmed owned physical retail location found after checking homepage + location/contact/about pages for addresses, store hours, and visit-us signals."
Ollie's Day,olliesday.com,No,0,$0,"Website scanned (signal score: 4). No confirmed owned physical retail location found after checking homepage + location/contact/about pages for addresses, store hours, and visit-us signals."
Coconut Pops,www.coconutpops.com,No,0,$0,"Website scanned (signal score: 4). No confirmed owned physical retail location found after checking homepage + location/contact/about pages for addresses, store hours, and visit-us signals."
Everly Made,everlymade.com,No,0,$0,"Website scanned (signal score: 19). No confirmed owned physical retail location found after checking homepage + location/contact/about pages for addresses, store hours, and visit-us signals."
Stella & Tide,stellatide.com,No,0,$0,"Website scanned (signal score: 9). No confirmed owned physical retail location found after checking homepage + location/contact/about pages for addresses, store hours, and visit-us signals."
FLYING MONKEY,flyingmonkeyjeans.com,No,0,$0,"Website scanned (signal score: 10). No confirmed owned physical retail location found after checking homepage + location/contact/about pages for addresses, store hours, and visit-us signals."
Dakota Dirt,dakotadirtcoffee.com,No,0,$0,"Website scanned (signal score: 7). No confirmed owned physical retail location found after checking homepage + location/contact/about pages for addresses, store hours, and visit-us signals."
Acuity RF,www.acuityrf.com,No,0,$0,"Website scanned (signal score: 9). No confirmed owned physical retail location found after checking homepage + location/contact/about pages for addresses, store hours, and visit-us signals."
The Annoying Present,theannoyingpresent.com,No,0,$0,"Website scanned (signal score: 4). No confirmed owned physical retail location found after checking homepage + location/contact/about pages for addresses, store hours, and visit-us signals."
Pick It Fence,pickitfence.com,No,0,$0,"Website scanned (signal score: 13). No confirmed owned physical retail location found after checking homepage + location/contact/about pages for addresses, store hours, and visit-us signals."
MossArtInstallations,mossartinstallations.com,No,0,$0,"Website scanned (signal score: 10). No confirmed owned physical retail location found after checking homepage + location/contact/about pages for addresses, store hours, and visit-us signals."
Rough House Pictures Inc.,roughhouseshop.com,No,0,$0,"Website scanned (signal score: 7). No confirmed owned physical retail location found after checking homepage + location/contact/about pages for addresses, store hours, and visit-us signals."
Northern Lights Instruments,www.northernlightsinstruments.com,No,0,$0,"Website scanned (signal score: 7). No confirmed owned physical retail location found after checking homepage + location/contact/about pages for addresses, store hours, and visit-us signals."
Hemloya,hemloya.com,No,0,$0,"Website scanned (signal score: 9). No confirmed owned physical retail location found after checking homepage + location/contact/about pages for addresses, store hours, and visit-us signals."
ProMeth,prometh.com,No,0,$0,"Website scanned (signal score: 11). No confirmed owned physical retail location found after checking homepage + location/contact/about pages for addresses, store hours, and visit-us signals."
Oli&Carol US,oliandcarol.us,No,0,$0,"Website scanned (signal score: 7). No confirmed owned physical retail location found after checking homepage + location/contact/about pages for addresses, store hours, and visit-us signals."
Blacksmith Bolt & Rivet Supply,blacksmithbolt.com,No,0,$0,"Website scanned (signal score: 7). No confirmed owned physical retail location found after checking homepage + location/contact/about pages for addresses, store hours, and visit-us signals."
JidoriHome,jidorihome.myshopify.com,No,0,$0,"Website scanned (signal score: 4). No confirmed owned physical retail location found after checking homepage + location/contact/about pages for addresses, store hours, and visit-us signals."
Grace DTF Transfers,gracetransfers.com,No,0,$0,"Website scanned (signal score: 7). No confirmed owned physical retail location found after checking homepage + location/contact/about pages for addresses, store hours, and visit-us signals."
Ellza,ellza.ca,No,0,$0,"Website scanned (signal score: 4). No confirmed owned physical retail location found after checking homepage + location/contact/about pages for addresses, store hours, and visit-us signals."
L A R K,www.larklarkgoose.com,No,0,$0,"Website scanned (signal score: 12). No confirmed owned physical retail location found after checking homepage + location/contact/about pages for addresses, store hours, and visit-us signals."
High Top Capes LTD,www.hightopcapes.com,No,0,$0,"Website scanned (signal score: 7). No confirmed owned physical retail location found after checking homepage + location/contact/about pages for addresses, store hours, and visit-us signals."
AIC Replacement Parts,www.aicreplacementparts.com,No,0,$0,"Website scanned (signal score: 18). No confirmed owned physical retail location found after checking homepage + location/contact/about pages for addresses, store hours, and visit-us signals."
VULGUS365,www.vulgus365.com,No,0,$0,"Website scanned (signal score: 7). No confirmed owned physical retail location found after checking homepage + location/contact/about pages for addresses, store hours, and visit-us signals."
Mountain Fire Wheels,www.mountainfirewheels.com,No,0,$0,"Website scanned (signal score: 12). No confirmed owned physical retail location found after checking homepage + location/contact/about pages for addresses, store hours, and visit-us signals."
Robert W. Stolz,www.robertwstolz.com,No,0,$0,"Website scanned (signal score: 7). No confirmed owned physical retail location found after checking homepage + location/contact/about pages for addresses, store hours, and visit-us signals."
Vidirlighting,vidirlighting.com,No,0,$0,"Website scanned (signal score: 11). No confirmed owned physical retail location found after checking homepage + location/contact/about pages for addresses, store hours, and visit-us signals."
Bernina Jeff,bernina-jeff.myshopify.com,No,0,$0,"Website scanned (signal score: 15). No confirmed owned physical retail location found after checking homepage + location/contact/about pages for addresses, store hours, and visit-us signals."
Warriors & Scholars,warriorsandscholars.com,No,0,$0,"Website scanned (signal score: 4). No confirmed owned physical retail location found after checking homepage + location/contact/about pages for addresses, store hours, and visit-us signals."
Meridian Boutique,www.meridianboutique.com,No,0,$0,"Website scanned (signal score: 25). No confirmed owned physical retail location found after checking homepage + location/contact/about pages for addresses, store hours, and visit-us signals."
Jamie Wolf,jamiewolf.com,No,0,$0,"Website scanned (signal score: 4). No confirmed owned physical retail location found after checking homepage + location/contact/about pages for addresses, store hours, and visit-us signals."
The Slay Collection,slayedbydalvi.com,No,0,$0,"Website scanned (signal score: 10). No confirmed owned physical retail location found after checking homepage + location/contact/about pages for addresses, store hours, and visit-us signals."
Core ProMed Supplies,corepromed.com,No,0,$0,"Website scanned (signal score: 7). No confirmed owned physical retail location found after checking homepage + location/contact/about pages for addresses, store hours, and visit-us signals."
Stacker2,www.stacker2.com,No,0,$0,"Website scanned (signal score: 7). No confirmed owned physical retail location found after checking homepage + location/contact/about pages for addresses, store hours, and visit-us signals."
High Monk,highmonkkratom.com,No,0,$0,EXCLUDED: Products banned from Stripe (vape/THC/kratom/nicotine).
Sump Saver,shop.sumpsaver.com,No,0,$0,"Website scanned (signal score: 10). No confirmed owned physical retail location found after checking homepage + location/contact/about pages for addresses, store hours, and visit-us signals."
Todoshop,www.todoshop.co.il,No,0,$0,"Website scanned (signal score: 12). No confirmed owned physical retail location found after checking homepage + location/contact/about pages for addresses, store hours, and visit-us signals."
Avocado Toast,www.avocadotoastca.com,No,0,$0,"Website scanned (signal score: 10). No confirmed owned physical retail location found after checking homepage + location/contact/about pages for addresses, store hours, and visit-us signals."
Albrecht Jewelry,albrechtjewelry.com,No,0,$0,"Website scanned (signal score: 7). No confirmed owned physical retail location found after checking homepage + location/contact/about pages for addresses, store hours, and visit-us signals."
Play Pits,play-pits.myshopify.com,No,0,$0,"Website scanned (signal score: 7). No confirmed owned physical retail location found after checking homepage + location/contact/about pages for addresses, store hours, and visit-us signals."
Kase Custom,kasecustom.com,No,0,$0,"Website scanned (signal score: 18). No confirmed owned physical retail location found after checking homepage + location/contact/about pages for addresses, store hours, and visit-us signals."
Anthony Marinelli Music LLC,anthonymarinellimusic.com,No,0,$0,"Website scanned (signal score: 9). No confirmed owned physical retail location found after checking homepage + location/contact/about pages for addresses, store hours, and visit-us signals."
Bennett To The Trade,www.bennetttothetrade.com,No,0,$0,"Website scanned (signal score: 13). No confirmed owned physical retail location found after checking homepage + location/contact/about pages for addresses, store hours, and visit-us signals."
Made by Nuwa,madebynuwa.com,No,0,$0,"Website scanned (signal score: 7). No confirmed owned physical retail location found after checking homepage + location/contact/about pages for addresses, store hours, and visit-us signals."
K Kane,k-kane.com,No,0,$0,"Website scanned (signal score: 4). No confirmed owned physical retail location found after checking homepage + location/contact/about pages for addresses, store hours, and visit-us signals."
ShredLights,shredlights.com,No,0,$0,"Website scanned (signal score: 8). No confirmed owned physical retail location found after checking homepage + location/contact/about pages for addresses, store hours, and visit-us signals."
JAYBOYMODZ,jayboymodz.com,No,0,$0,"Website scanned (signal score: 4). No confirmed owned physical retail location found after checking homepage + location/contact/about pages for addresses, store hours, and visit-us signals."
The BRAND Label,www.thebrand-label.com,No,0,$0,"Website scanned (signal score: 10). No confirmed owned physical retail location found after checking homepage + location/contact/about pages for addresses, store hours, and visit-us signals."
Livom,livom.ca,No,0,$0,"Website scanned (signal score: 4). No confirmed owned physical retail location found after checking homepage + location/contact/about pages for addresses, store hours, and visit-us signals."
Luminous Tints,shopluminous.com,No,0,$0,"Website scanned (signal score: 4). No confirmed owned physical retail location found after checking homepage + location/contact/about pages for addresses, store hours, and visit-us signals."
Eternal Summer Hawaii,eternalsummerhawaii.com,No,0,$0,"Website scanned (signal score: 7). No confirmed owned physical retail location found after checking homepage + location/contact/about pages for addresses, store hours, and visit-us signals."
oxygenplusconcentrators,www.oxygenplusconcentrators.com,No,0,$0,"Website scanned (signal score: 15). No confirmed owned physical retail location found after checking homepage + location/contact/about pages for addresses, store hours, and visit-us signals."
TenPocket,tenpocket.com,No,0,$0,"Website scanned (signal score: 7). No confirmed owned physical retail location found after checking homepage + location/contact/about pages for addresses, store hours, and visit-us signals."
Ventus Bikes USA,ventusbikes.us,No,0,$0,"Website scanned (signal score: 13). No confirmed owned physical retail location found after checking homepage + location/contact/about pages for addresses, store hours, and visit-us signals."
Cody Jinks,codyjinks.com,No,0,$0,"Website scanned (signal score: 7). No confirmed owned physical retail location found after checking homepage + location/contact/about pages for addresses, store hours, and visit-us signals."
BKManga,bkmanga.net,No,0,$0,"Website scanned (signal score: 16). No confirmed owned physical retail location found after checking homepage + location/contact/about pages for addresses, store hours, and visit-us signals."
Cedaero,cedaero.com,No,0,$0,"Website scanned (signal score: 7). No confirmed owned physical retail location found after checking homepage + location/contact/about pages for addresses, store hours, and visit-us signals."
Seattle Integrative Medicine Pharmacy,simpharmacy.com,No,0,$0,"Website scanned (signal score: 10). No confirmed owned physical retail location found after checking homepage + location/contact/about pages for addresses, store hours, and visit-us signals."
Fresh Jagua ®,www.freshjagua.com,No,0,$0,"Website scanned (signal score: 10). No confirmed owned physical retail location found after checking homepage + location/contact/about pages for addresses, store hours, and visit-us signals."
Madrone Cycles,madronecycles.com,No,0,$0,"Website scanned (signal score: 7). No confirmed owned physical retail location found after checking homepage + location/contact/about pages for addresses, store hours, and visit-us signals."
Bangles by Ku'i,banglesbykui.com,No,0,$0,"Website scanned (signal score: 7). No confirmed owned physical retail location found after checking homepage + location/contact/about pages for addresses, store hours, and visit-us signals."
Orthodox Depot,orthodoxdepot.com,No,0,$0,"Website scanned (signal score: 13). No confirmed owned physical retail location found after checking homepage + location/contact/about pages for addresses, store hours, and visit-us signals."
elementalscience.com,elementalscience.com,No,0,$0,"Website scanned (signal score: 8). No confirmed owned physical retail location found after checking homepage + location/contact/about pages for addresses, store hours, and visit-us signals."
Blonde Ambition Apparel,www.blondeambition.ca,No,0,$0,"Website scanned (signal score: 10). No confirmed owned physical retail location found after checking homepage + location/contact/about pages for addresses, store hours, and visit-us signals."
Servoxy,servoxy.ca,No,0,$0,"Website scanned (signal score: 7). No confirmed owned physical retail location found after checking homepage + location/contact/about pages for addresses, store hours, and visit-us signals."
Conviction Co,convictionco.com,No,0,$0,"Website scanned (signal score: 7). No confirmed owned physical retail location found after checking homepage + location/contact/about pages for addresses, store hours, and visit-us signals."
Making Mythic,makingmythic.com,No,0,$0,"Website scanned (signal score: 10). No confirmed owned physical retail location found after checking homepage + location/contact/about pages for addresses, store hours, and visit-us signals."
Hoban Cards,hobancards.com,No,0,$0,"Website scanned (signal score: 10). No confirmed owned physical retail location found after checking homepage + location/contact/about pages for addresses, store hours, and visit-us signals."
Across The Board Game,shop.atbgame.com,No,0,$0,"Website scanned (signal score: 15). No confirmed owned physical retail location found after checking homepage + location/contact/about pages for addresses, store hours, and visit-us signals."
Family Tree Magazine Store,store.familytreemagazine.com,No,0,$0,"Website scanned (signal score: 7). No confirmed owned physical retail location found after checking homepage + location/contact/about pages for addresses, store hours, and visit-us signals."
WE FOOT TECHNOLOGY,wefootsocks.com,No,0,$0,"Website scanned (signal score: 7). No confirmed owned physical retail location found after checking homepage + location/contact/about pages for addresses, store hours, and visit-us signals."
CSHE,blackearthgrills.com,No,0,$0,"Website scanned (signal score: 7). No confirmed owned physical retail location found after checking homepage + location/contact/about pages for addresses, store hours, and visit-us signals."
The Heritage Forge,www.theheritageforge.com,No,0,$0,"Website scanned (signal score: 7). No confirmed owned physical retail location found after checking homepage + location/contact/about pages for addresses, store hours, and visit-us signals."
Dark Sky Selects,selects.darkskyfilms.com,No,0,$0,"Website scanned (signal score: 7). No confirmed owned physical retail location found after checking homepage + location/contact/about pages for addresses, store hours, and visit-us signals."
Dreyer Farms,dreyer-farms.myshopify.com,No,0,$0,"Website scanned (signal score: 12). No confirmed owned physical retail location found after checking homepage + location/contact/about pages for addresses, store hours, and visit-us signals."
COOLGUYSURPLUS,blackmarketgear.com,No,0,$0,"Website scanned (signal score: 7). No confirmed owned physical retail location found after checking homepage + location/contact/about pages for addresses, store hours, and visit-us signals."
Turkista,turkista.shop,No,0,$0,"Website scanned (signal score: 4). No confirmed owned physical retail location found after checking homepage + location/contact/about pages for addresses, store hours, and visit-us signals."
Key Energy Drink,www.drinkkey.com,No,0,$0,"Website scanned (signal score: 8). No confirmed owned physical retail location found after checking homepage + location/contact/about pages for addresses, store hours, and visit-us signals."
Suzy B Jewelry,suzybjewelry.com,No,0,$0,"Website scanned (signal score: 10). No confirmed owned physical retail location found after checking homepage + location/contact/about pages for addresses, store hours, and visit-us signals."
Canadawide Sports,www.shop.canadawidesports.com,No,0,$0,"Website scanned (signal score: 7). No confirmed owned physical retail location found after checking homepage + location/contact/about pages for addresses, store hours, and visit-us signals."
Magpie Games,magpiegames.com,No,0,$0,"Website scanned (signal score: 13). No confirmed owned physical retail location found after checking homepage + location/contact/about pages for addresses, store hours, and visit-us signals."
ForneyBand,forneyband.myshopify.com,No,0,$0,"Website scanned (signal score: 7). No confirmed owned physical retail location found after checking homepage + location/contact/about pages for addresses, store hours, and visit-us signals."
BYROE,byroe.com,No,0,$0,"Website scanned (signal score: 7). No confirmed owned physical retail location found after checking homepage + location/contact/about pages for addresses, store hours, and visit-us signals."
FISH CREEK,fishcreekbrands.com,No,0,$0,"Website scanned (signal score: 7). No confirmed owned physical retail location found after checking homepage + location/contact/about pages for addresses, store hours, and visit-us signals."
The Startingate,shopstartingate.com,No,0,$0,"Website scanned (signal score: 25). No confirmed owned physical retail location found after checking homepage + location/contact/about pages for addresses, store hours, and visit-us signals."
Direct Effect Printing & Graphics,store.directeffectprinting.com,No,0,$0,"Website scanned (signal score: 13). No confirmed owned physical retail location found after checking homepage + location/contact/about pages for addresses, store hours, and visit-us signals."
Playground,helloplayground.com,No,0,$0,"Website scanned (signal score: 13). No confirmed owned physical retail location found after checking homepage + location/contact/about pages for addresses, store hours, and visit-us signals."
Brujilda,brujilda.com,No,0,$0,"Website scanned (signal score: 4). No confirmed owned physical retail location found after checking homepage + location/contact/about pages for addresses, store hours, and visit-us signals."
customgrainsmn,customgrainsmn.com,No,0,$0,"Website scanned (signal score: 15). No confirmed owned physical retail location found after checking homepage + location/contact/about pages for addresses, store hours, and visit-us signals."
Lacros E-Bike,lacrosebike.com,No,0,$0,"Website scanned (signal score: 12). No confirmed owned physical retail location found after checking homepage + location/contact/about pages for addresses, store hours, and visit-us signals."
HavenTech Intercoms,haventechintercoms.com,No,0,$0,"Website scanned (signal score: 7). No confirmed owned physical retail location found after checking homepage + location/contact/about pages for addresses, store hours, and visit-us signals."
"Herbs, Etc.",herbsetc.com,No,0,$0,"Website scanned (signal score: 4). No confirmed owned physical retail location found after checking homepage + location/contact/about pages for addresses, store hours, and visit-us signals."
Tienda Salvadoreña Atl,tiendasvatl.com,No,0,$0,"Website scanned (signal score: 15). No confirmed owned physical retail location found after checking homepage + location/contact/about pages for addresses, store hours, and visit-us signals."
Zestra,www.zestra.com,No,0,$0,"Website scanned (signal score: 7). No confirmed owned physical retail location found after checking homepage + location/contact/about pages for addresses, store hours, and visit-us signals."
Le Harvey,leharvey.com,No,0,$0,"Website scanned (signal score: 13). No confirmed owned physical retail location found after checking homepage + location/contact/about pages for addresses, store hours, and visit-us signals."
Kusiak Leather,kusiakleather.com,No,0,$0,"Website scanned (signal score: 18). No confirmed owned physical retail location found after checking homepage + location/contact/about pages for addresses, store hours, and visit-us signals."
Green Wallscapes,greenwallscapes.com,No,0,$0,"Website scanned (signal score: 10). No confirmed owned physical retail location found after checking homepage + location/contact/about pages for addresses, store hours, and visit-us signals."
Sound Asleep Products,soundasleepproducts.com,No,0,$0,"Website scanned (signal score: 4). No confirmed owned physical retail location found after checking homepage + location/contact/about pages for addresses, store hours, and visit-us signals."
Crochetmilie,crochetmilie.com,No,0,$0,"Website scanned (signal score: 9). No confirmed owned physical retail location found after checking homepage + location/contact/about pages for addresses, store hours, and visit-us signals."
Blended Customs,www.blendedcustoms.com,No,0,$0,"Website scanned (signal score: 20). No confirmed owned physical retail location found after checking homepage + location/contact/about pages for addresses, store hours, and visit-us signals."
Baked HHC,bakedhhc.com,No,0,$0,EXCLUDED: Products banned from Stripe (vape/THC/kratom/nicotine).
Hustle Gear,hustle-gear.com,No,0,$0,"Website scanned (signal score: 4). No confirmed owned physical retail location found after checking homepage + location/contact/about pages for addresses, store hours, and visit-us signals."
Quilt Expressions,quiltexpressions.com,No,0,$0,"Website scanned (signal score: 16). No confirmed owned physical retail location found after checking homepage + location/contact/about pages for addresses, store hours, and visit-us signals."
Latin Mass Helper Store,store.latinmasshelper.com,No,0,$0,"Website scanned (signal score: 11). No confirmed owned physical retail location found after checking homepage + location/contact/about pages for addresses, store hours, and visit-us signals."
Terra Thread®,terrathread.com,No,0,$0,"Website scanned (signal score: 21). No confirmed owned physical retail location found after checking homepage + location/contact/about pages for addresses, store hours, and visit-us signals."
THE LENS AND CAMERA STORE,lenscamerastore.com,No,0,$0,"Website scanned (signal score: 7). No confirmed owned physical retail location found after checking homepage + location/contact/about pages for addresses, store hours, and visit-us signals."
Glycelene,glycelene.com,No,0,$0,"Website scanned (signal score: 8). No confirmed owned physical retail location found after checking homepage + location/contact/about pages for addresses, store hours, and visit-us signals."
Cambridge Uncommon,www.cambridgeuncommon.com,No,0,$0,"Website scanned (signal score: 10). No confirmed owned physical retail location found after checking homepage + location/contact/about pages for addresses, store hours, and visit-us signals."
Montgomery Motorsports,montgomerymotorsports.net,No,0,$0,"Website scanned (signal score: 13). No confirmed owned physical retail location found after checking homepage + location/contact/about pages for addresses, store hours, and visit-us signals."
Red Brick Emporium,redbrickemporium.com,No,0,$0,"Website scanned (signal score: 12). No confirmed owned physical retail location found after checking homepage + location/contact/about pages for addresses, store hours, and visit-us signals."
American Offshore,americanoffshorefishing.com,No,0,$0,"Website scanned (signal score: 13). No confirmed owned physical retail location found after checking homepage + location/contact/about pages for addresses, store hours, and visit-us signals."
Succielife,succielife.com,No,0,$0,"Website scanned (signal score: 7). No confirmed owned physical retail location found after checking homepage + location/contact/about pages for addresses, store hours, and visit-us signals."
LAND Moto,landmoto.io,No,0,$0,"Website scanned (signal score: 7). No confirmed owned physical retail location found after checking homepage + location/contact/about pages for addresses, store hours, and visit-us signals."
Automatic ICE™ Systems,store.automaticice.com,No,0,$0,"Website scanned (signal score: 13). No confirmed owned physical retail location found after checking homepage + location/contact/about pages for addresses, store hours, and visit-us signals."
Stealth Bros & Co.,www.stealthbrosco.com,No,0,$0,"Website scanned (signal score: 7). No confirmed owned physical retail location found after checking homepage + location/contact/about pages for addresses, store hours, and visit-us signals."
VentureBoard,www.ventureboardgames.com,No,0,$0,"Website scanned (signal score: 4). No confirmed owned physical retail location found after checking homepage + location/contact/about pages for addresses, store hours, and visit-us signals."
Luetti 1980,luetti1980.com,No,0,$0,"Website scanned (signal score: 12). No confirmed owned physical retail location found after checking homepage + location/contact/about pages for addresses, store hours, and visit-us signals."
Anewall,anewall.com,No,0,$0,"Website scanned (signal score: 9). No confirmed owned physical retail location found after checking homepage + location/contact/about pages for addresses, store hours, and visit-us signals."
Lucky Wholesale,luckywholesale.net,No,0,$0,EXCLUDED: Wholesale/B2B/Distributor only.
Paris Saint,www.parisaint.com,No,0,$0,"Website scanned (signal score: 7). No confirmed owned physical retail location found after checking homepage + location/contact/about pages for addresses, store hours, and visit-us signals."
Martin's Handmade Pretzels,www.martinspretzels.com,No,0,$0,"Website scanned (signal score: 8). No confirmed owned physical retail location found after checking homepage + location/contact/about pages for addresses, store hours, and visit-us signals."
Siegert Media,siegert-media.myshopify.com,No,0,$0,"Website scanned (signal score: 4). No confirmed owned physical retail location found after checking homepage + location/contact/about pages for addresses, store hours, and visit-us signals."
WaistMafia,waistmafia.com,No,0,$0,"Website scanned (signal score: 5). No confirmed owned physical retail location found after checking homepage + location/contact/about pages for addresses, store hours, and visit-us signals."
flying edna,flyingedna.com,No,0,$0,"Website scanned (signal score: 10). No confirmed owned physical retail location found after checking homepage + location/contact/about pages for addresses, store hours, and visit-us signals."
Rhea Lana's Owner's Store,rlownerstore.com,No,0,$0,"Website scanned (signal score: 4). No confirmed owned physical retail location found after checking homepage + location/contact/about pages for addresses, store hours, and visit-us signals."
Pipe Rehabilitation Solutions,piperehabilitationsolutions.com,No,0,$0,"Website scanned (signal score: 7). No confirmed owned physical retail location found after checking homepage + location/contact/about pages for addresses, store hours, and visit-us signals."
Turban Couture,turbancouture.com,No,0,$0,"Website scanned (signal score: 4). No confirmed owned physical retail location found after checking homepage + location/contact/about pages for addresses, store hours, and visit-us signals."
CRYO Kratom,cryokratom.com,No,0,$0,EXCLUDED: Products banned from Stripe (vape/THC/kratom/nicotine).
The Fuel Place,thefuelplace.com,No,0,$0,"Website scanned (signal score: 21). No confirmed owned physical retail location found after checking homepage + location/contact/about pages for addresses, store hours, and visit-us signals."
ShopHubDepot,shophubdepot.com,No,0,$0,"Website scanned (signal score: 15). No confirmed owned physical retail location found after checking homepage + location/contact/about pages for addresses, store hours, and visit-us signals."
Porter PhysEd Fitness,porterpef.com,No,0,$0,"Website scanned (signal score: 7). No confirmed owned physical retail location found after checking homepage + location/contact/about pages for addresses, store hours, and visit-us signals."
Texas Tushies - Modern Cloth Diapers & Beyond,texastushies.com,No,0,$0,"Website scanned (signal score: 10). No confirmed owned physical retail location found after checking homepage + location/contact/about pages for addresses, store hours, and visit-us signals."
Classroom Companions,classroomcompanions.com,No,0,$0,"Website scanned (signal score: 4). No confirmed owned physical retail location found after checking homepage + location/contact/about pages for addresses, store hours, and visit-us signals."
Silkytalk-Au,silkytalk.co,No,0,$0,"Website scanned (signal score: 7). No confirmed owned physical retail location found after checking homepage + location/contact/about pages for addresses, store hours, and visit-us signals."
Writings from the Wild,writingsfromthewild.com,No,0,$0,"Website scanned (signal score: 7). No confirmed owned physical retail location found after checking homepage + location/contact/about pages for addresses, store hours, and visit-us signals."
Blair School of Art,www.schoolofrealism.com,No,0,$0,"Website scanned (signal score: 10). No confirmed owned physical retail location found after checking homepage + location/contact/about pages for addresses, store hours, and visit-us signals."
JZ Recording Equipment,usashop.jzmic.com,No,0,$0,"Website scanned (signal score: 7). No confirmed owned physical retail location found after checking homepage + location/contact/about pages for addresses, store hours, and visit-us signals."
RaceMotive,www.racemotive.com,No,0,$0,"Website scanned (signal score: 12). No confirmed owned physical retail location found after checking homepage + location/contact/about pages for addresses, store hours, and visit-us signals."
E-Z MIX,ezmix.com,No,0,$0,"Website scanned (signal score: 4). No confirmed owned physical retail location found after checking homepage + location/contact/about pages for addresses, store hours, and visit-us signals."
SilloSocks,www.sillosocks.com,No,0,$0,"Website scanned (signal score: 7). No confirmed owned physical retail location found after checking homepage + location/contact/about pages for addresses, store hours, and visit-us signals."
What is it?,whatisit.shop,No,0,$0,"Website scanned (signal score: 10). No confirmed owned physical retail location found after checking homepage + location/contact/about pages for addresses, store hours, and visit-us signals."
Hanyangmart.com,www.hanyangmart.com,No,0,$0,"Website scanned (signal score: 25). No confirmed owned physical retail location found after checking homepage + location/contact/about pages for addresses, store hours, and visit-us signals."
Heartstring Treasures,heartstringtreasure.com,No,0,$0,"Website scanned (signal score: 7). No confirmed owned physical retail location found after checking homepage + location/contact/about pages for addresses, store hours, and visit-us signals."
Ocean2Table,www.getocean2table.com,No,0,$0,"Website scanned (signal score: 7). No confirmed owned physical retail location found after checking homepage + location/contact/about pages for addresses, store hours, and visit-us signals."
Homes!ck,www.homesickoffline.com,No,0,$0,"Website scanned (signal score: 4). No confirmed owned physical retail location found after checking homepage + location/contact/about pages for addresses, store hours, and visit-us signals."
Twisted Fantasies,twisted-fantasies.com,No,0,$0,"Website scanned (signal score: 7). No confirmed owned physical retail location found after checking homepage + location/contact/about pages for addresses, store hours, and visit-us signals."
EMM Labs & Meitner Audio,emmlabs-meitner.com,No,0,$0,"Website scanned (signal score: 12). No confirmed owned physical retail location found after checking homepage + location/contact/about pages for addresses, store hours, and visit-us signals."
Organic Weave Shop,organicweaveshop.com,No,0,$0,"Website scanned (signal score: 7). No confirmed owned physical retail location found after checking homepage + location/contact/about pages for addresses, store hours, and visit-us signals."
Bad Day Hat Co,baddayhatco.com,No,0,$0,"Website scanned (signal score: 7). No confirmed owned physical retail location found after checking homepage + location/contact/about pages for addresses, store hours, and visit-us signals."
Aloe Up Suncare Products,aloeup.com,No,0,$0,"Website scanned (signal score: 12). No confirmed owned physical retail location found after checking homepage + location/contact/about pages for addresses, store hours, and visit-us signals."
Vanityart,vanityart.com,No,0,$0,"Website scanned (signal score: 25). No confirmed owned physical retail location found after checking homepage + location/contact/about pages for addresses, store hours, and visit-us signals."
Quick Nutrition Weight Loss,quicknutritionshop.com,No,0,$0,"Website scanned (signal score: 13). No confirmed owned physical retail location found after checking homepage + location/contact/about pages for addresses, store hours, and visit-us signals."
USA Bearings & Belts,usbearingsandbelts.com,No,0,$0,"Website scanned (signal score: 16). No confirmed owned physical retail location found after checking homepage + location/contact/about pages for addresses, store hours, and visit-us signals."
Splash Place Swim Goggles,splashswimgoggles.com,No,0,$0,"Website scanned (signal score: 11). No confirmed owned physical retail location found after checking homepage + location/contact/about pages for addresses, store hours, and visit-us signals."
Pro Steel Products,prosteelproducts.com,No,0,$0,"Website scanned (signal score: 7). No confirmed owned physical retail location found after checking homepage + location/contact/about pages for addresses, store hours, and visit-us signals."
Anytime Sports Supply,www.anytimesportssupply.com,No,0,$0,"Website scanned (signal score: 11). No confirmed owned physical retail location found after checking homepage + location/contact/about pages for addresses, store hours, and visit-us signals."
Easy Detox,easydetox.io,No,0,$0,"Website scanned (signal score: 7). No confirmed owned physical retail location found after checking homepage + location/contact/about pages for addresses, store hours, and visit-us signals."
Hola Princesa,www.holaprincesa.es,No,0,$0,"Website scanned (signal score: 12). No confirmed owned physical retail location found after checking homepage + location/contact/about pages for addresses, store hours, and visit-us signals."
Sheet Music Now,www.sheetmusicnow.com,No,0,$0,"Website scanned (signal score: 4). No confirmed owned physical retail location found after checking homepage + location/contact/about pages for addresses, store hours, and visit-us signals."
Mayberry Prints,www.mayberryprints.com,No,0,$0,"Website scanned (signal score: 12). No confirmed owned physical retail location found after checking homepage + location/contact/about pages for addresses, store hours, and visit-us signals."
Arteflame Outdoor Grills,arteflame.com,No,0,$0,"Website scanned (signal score: 7). No confirmed owned physical retail location found after checking homepage + location/contact/about pages for addresses, store hours, and visit-us signals."
The Bummer Shop,thebummershop.com,No,0,$0,"Website scanned (signal score: 4). No confirmed owned physical retail location found after checking homepage + location/contact/about pages for addresses, store hours, and visit-us signals."
My Curly Room,mycurlyroom.myshopify.com,No,0,$0,"Website scanned (signal score: 4). No confirmed owned physical retail location found after checking homepage + location/contact/about pages for addresses, store hours, and visit-us signals."
Select Printing,selectprintingusa.com,No,0,$0,"Website scanned (signal score: 16). No confirmed owned physical retail location found after checking homepage + location/contact/about pages for addresses, store hours, and visit-us signals."
Crepini Foods LLC,crepini.com,No,0,$0,"Website scanned (signal score: 8). No confirmed owned physical retail location found after checking homepage + location/contact/about pages for addresses, store hours, and visit-us signals."
Tejava,tejava.com,No,0,$0,"Website scanned (signal score: 13). No confirmed owned physical retail location found after checking homepage + location/contact/about pages for addresses, store hours, and visit-us signals."
EssationsPro,www.essationspro.com,No,0,$0,"Website scanned (signal score: 4). No confirmed owned physical retail location found after checking homepage + location/contact/about pages for addresses, store hours, and visit-us signals."
Texas Poultry Shrink Bags,texaspoultryshrinkbags.com,No,0,$0,"Website scanned (signal score: 7). No confirmed owned physical retail location found after checking homepage + location/contact/about pages for addresses, store hours, and visit-us signals."
Flexineb® Canada,ca.flexineb.com,No,0,$0,"Website scanned (signal score: 4). No confirmed owned physical retail location found after checking homepage + location/contact/about pages for addresses, store hours, and visit-us signals."
BattleCraft Parts,www.battlecraft-parts.com,No,0,$0,"Website scanned (signal score: 7). No confirmed owned physical retail location found after checking homepage + location/contact/about pages for addresses, store hours, and visit-us signals."
Anthony Wang,shopanthonywang.com,No,0,$0,"Website scanned (signal score: 7). No confirmed owned physical retail location found after checking homepage + location/contact/about pages for addresses, store hours, and visit-us signals."
Del Taco Webstore,deltacowebstore.com,No,0,$0,"Website scanned (signal score: 9). No confirmed owned physical retail location found after checking homepage + location/contact/about pages for addresses, store hours, and visit-us signals."
Black Book Records,www.blackbookrecs.com,No,0,$0,"Website scanned (signal score: 4). No confirmed owned physical retail location found after checking homepage + location/contact/about pages for addresses, store hours, and visit-us signals."
Theatre Avenue,theatreave.com,No,0,$0,"Website scanned (signal score: 10). No confirmed owned physical retail location found after checking homepage + location/contact/about pages for addresses, store hours, and visit-us signals."
APNY,www.apnyapparel.com,No,0,$0,"Website scanned (signal score: 10). No confirmed owned physical retail location found after checking homepage + location/contact/about pages for addresses, store hours, and visit-us signals."
8x8 Sports,www.8x8sports.com,No,0,$0,"Website scanned (signal score: 7). No confirmed owned physical retail location found after checking homepage + location/contact/about pages for addresses, store hours, and visit-us signals."
Boyd Industrial Supply,boydindustrialsupply.com,No,0,$0,"Website scanned (signal score: 7). No confirmed owned physical retail location found after checking homepage + location/contact/about pages for addresses, store hours, and visit-us signals."
JJS OWN,jjsown.com,No,0,$0,"Website scanned (signal score: 7). No confirmed owned physical retail location found after checking homepage + location/contact/about pages for addresses, store hours, and visit-us signals."
Night Prowler Optics,nightprowleroptics.com,No,0,$0,"Website scanned (signal score: 7). No confirmed owned physical retail location found after checking homepage + location/contact/about pages for addresses, store hours, and visit-us signals."
Wristband Specialty,wristbandsupply.com,No,0,$0,"Website scanned (signal score: 9). No confirmed owned physical retail location found after checking homepage + location/contact/about pages for addresses, store hours, and visit-us signals."
Dutch Oven Kits,dutchovenkits.com,No,0,$0,"Website scanned (signal score: 7). No confirmed owned physical retail location found after checking homepage + location/contact/about pages for addresses, store hours, and visit-us signals."
Implant Logistics,implantlogistics.com,No,0,$0,"Website scanned (signal score: 4). No confirmed owned physical retail location found after checking homepage + location/contact/about pages for addresses, store hours, and visit-us signals."
Store WF,storewf.com,No,0,$0,"Website scanned (signal score: 7). No confirmed owned physical retail location found after checking homepage + location/contact/about pages for addresses, store hours, and visit-us signals."
Cacilia Sauer,caciliasauer.com,No,0,$0,"Website scanned (signal score: 4). No confirmed owned physical retail location found after checking homepage + location/contact/about pages for addresses, store hours, and visit-us signals."
INKnBURN,www.inknburn.com,No,0,$0,"Website scanned (signal score: 10). No confirmed owned physical retail location found after checking homepage + location/contact/about pages for addresses, store hours, and visit-us signals."
BoothActive,boothactive.com,No,0,$0,"Website scanned (signal score: 7). No confirmed owned physical retail location found after checking homepage + location/contact/about pages for addresses, store hours, and visit-us signals."
AgriGro,agrigro.com,No,0,$0,"Website scanned (signal score: 9). No confirmed owned physical retail location found after checking homepage + location/contact/about pages for addresses, store hours, and visit-us signals."
"The Wooden Teddy Bear, Inc",woodenteddybear.com,No,0,$0,"Website scanned (signal score: 14). No confirmed owned physical retail location found after checking homepage + location/contact/about pages for addresses, store hours, and visit-us signals."
Manafacture,www.manafacture.com,No,0,$0,"Website scanned (signal score: 7). No confirmed owned physical retail location found after checking homepage + location/contact/about pages for addresses, store hours, and visit-us signals."
StickieTech,stickietech.com,No,0,$0,"Website scanned (signal score: 12). No confirmed owned physical retail location found after checking homepage + location/contact/about pages for addresses, store hours, and visit-us signals."
3 Dragons Brewing,3dragonsbrewing.com,No,0,$0,"Website scanned (signal score: 4). No confirmed owned physical retail location found after checking homepage + location/contact/about pages for addresses, store hours, and visit-us signals."
RainCaper,raincaper.com,No,0,$0,"Website scanned (signal score: 26). No confirmed owned physical retail location found after checking homepage + location/contact/about pages for addresses, store hours, and visit-us signals."
Sew House Seven,sewhouse7.com,No,0,$0,"Website scanned (signal score: 7). No confirmed owned physical retail location found after checking homepage + location/contact/about pages for addresses, store hours, and visit-us signals."
Well Told Wholesale,wholesale.welltolddesign.com,No,0,$0,EXCLUDED: Wholesale/B2B/Distributor only.
DoorDiscounter,www.doordiscounter.com,No,0,$0,"Website scanned (signal score: 12). No confirmed owned physical retail location found after checking homepage + location/contact/about pages for addresses, store hours, and visit-us signals."
Platinum Born,platinumborn.com,No,0,$0,"Website scanned (signal score: 9). No confirmed owned physical retail location found after checking homepage + location/contact/about pages for addresses, store hours, and visit-us signals."
Acadian Sturgeon and Caviar Inc.,acadian-sturgeon-and-caviar-inc.myshopify.com,No,0,$0,"Website scanned (signal score: 10). No confirmed owned physical retail location found after checking homepage + location/contact/about pages for addresses, store hours, and visit-us signals."
Fitness Recovery Lab,www.fitnessrecoverylab.com,No,0,$0,"Website scanned (signal score: 9). No confirmed owned physical retail location found after checking homepage + location/contact/about pages for addresses, store hours, and visit-us signals."
The Butcher's Block Online Shop,thebutchersblocknj.com,No,0,$0,"Website scanned (signal score: 9). No confirmed owned physical retail location found after checking homepage + location/contact/about pages for addresses, store hours, and visit-us signals."
THE CHEEKY BIKINI,thecheekybikini.com,No,0,$0,"Website scanned (signal score: 7). No confirmed owned physical retail location found after checking homepage + location/contact/about pages for addresses, store hours, and visit-us signals."
Flail Records,flailrecords.com,No,0,$0,"Website scanned (signal score: 7). No confirmed owned physical retail location found after checking homepage + location/contact/about pages for addresses, store hours, and visit-us signals."
Optogate Online,optogatemicswitch.com,No,0,$0,"Website scanned (signal score: 10). No confirmed owned physical retail location found after checking homepage + location/contact/about pages for addresses, store hours, and visit-us signals."
Vintaj Wholesale,wholesale.vintaj.com,No,0,$0,EXCLUDED: Wholesale/B2B/Distributor only.
Plant Provisions,plantprovisions.com,No,0,$0,"Website scanned (signal score: 11). No confirmed owned physical retail location found after checking homepage + location/contact/about pages for addresses, store hours, and visit-us signals."
C-CUBE,c-cube.us,No,0,$0,"Website scanned (signal score: 9). No confirmed owned physical retail location found after checking homepage + location/contact/about pages for addresses, store hours, and visit-us signals."
Dabbing Warehouse,dabbingwarehouse.com,No,0,$0,EXCLUDED: Products banned from Stripe (vape/THC/kratom/nicotine).
Alter Ego,shopalterego.com,No,0,$0,"Website scanned (signal score: 7). No confirmed owned physical retail location found after checking homepage + location/contact/about pages for addresses, store hours, and visit-us signals."
陆安东参茸行Anh Shenh,luandongherbs.com,No,0,$0,"Website scanned (signal score: 10). No confirmed owned physical retail location found after checking homepage + location/contact/about pages for addresses, store hours, and visit-us signals."
Abba Patio,abbapatio.com,No,0,$0,"Website scanned (signal score: 4). No confirmed owned physical retail location found after checking homepage + location/contact/about pages for addresses, store hours, and visit-us signals."
European Crosstitch Co,european-crosstitch-company.myshopify.com,No,0,$0,"Website scanned (signal score: 0). No confirmed owned physical retail location found after checking homepage + location/contact/about pages for addresses, store hours, and visit-us signals."
Emily Frisella,emilyfrisella.com,No,0,$0,"Website scanned (signal score: 7). No confirmed owned physical retail location found after checking homepage + location/contact/about pages for addresses, store hours, and visit-us signals."
Cuisine Gourmande,cuisine-gourmande.ca,No,0,$0,"Website scanned (signal score: 4). No confirmed owned physical retail location found after checking homepage + location/contact/about pages for addresses, store hours, and visit-us signals."
"Official Dyse One | Clothing, Art, Accessories",www.dyseone.com,No,0,$0,"Website scanned (signal score: 12). No confirmed owned physical retail location found after checking homepage + location/contact/about pages for addresses, store hours, and visit-us signals."
Valley Operations Group,valleyoperationsgroup.com,No,0,$0,"Website scanned (signal score: 7). No confirmed owned physical retail location found after checking homepage + location/contact/about pages for addresses, store hours, and visit-us signals."
Crown & Covenant Publications,crownandcovenant.com,No,0,$0,"Website scanned (signal score: 10). No confirmed owned physical retail location found after checking homepage + location/contact/about pages for addresses, store hours, and visit-us signals."
Ford Charging Canada,fordcharging.ca,No,0,$0,"Website scanned (signal score: 10). No confirmed owned physical retail location found after checking homepage + location/contact/about pages for addresses, store hours, and visit-us signals."
Flamingo Baby Boutique,www.flamingobabyboutique.com,No,0,$0,"Website scanned (signal score: 7). No confirmed owned physical retail location found after checking homepage + location/contact/about pages for addresses, store hours, and visit-us signals."
King Star Computer,kingstarusa.com,No,0,$0,"Website scanned (signal score: 16). No confirmed owned physical retail location found after checking homepage + location/contact/about pages for addresses, store hours, and visit-us signals."
roomtery,roomtery.com,No,0,$0,"Website scanned (signal score: 18). No confirmed owned physical retail location found after checking homepage + location/contact/about pages for addresses, store hours, and visit-us signals."
All Citizens International,intl.allcitizens.com,No,0,$0,"Website scanned (signal score: 4). No confirmed owned physical retail location found after checking homepage + location/contact/about pages for addresses, store hours, and visit-us signals."
Luniche,www.luniche.com,No,0,$0,"Website scanned (signal score: 7). No confirmed owned physical retail location found after checking homepage + location/contact/about pages for addresses, store hours, and visit-us signals."
Simply Sadie Jane,simplysadiejane.com,No,0,$0,"Website scanned (signal score: 7). No confirmed owned physical retail location found after checking homepage + location/contact/about pages for addresses, store hours, and visit-us signals."
Franklin's Gourmet Popcorn,franklinspopcorn.com,No,0,$0,"Website scanned (signal score: 10). No confirmed owned physical retail location found after checking homepage + location/contact/about pages for addresses, store hours, and visit-us signals."
Beautifully Balanced Wellness,beautifullybalancedwellness.store,No,0,$0,"Website scanned (signal score: 7). No confirmed owned physical retail location found after checking homepage + location/contact/about pages for addresses, store hours, and visit-us signals."
Dollar Box,dollarboxcards.com,No,0,$0,"Website scanned (signal score: 7). No confirmed owned physical retail location found after checking homepage + location/contact/about pages for addresses, store hours, and visit-us signals."
Hear Your Story,hearyourstorybooks.com,No,0,$0,"Website scanned (signal score: 7). No confirmed owned physical retail location found after checking homepage + location/contact/about pages for addresses, store hours, and visit-us signals."
The Bigly Brothers,biglybrothers.com,No,0,$0,"Website scanned (signal score: 10). No confirmed owned physical retail location found after checking homepage + location/contact/about pages for addresses, store hours, and visit-us signals."
AUTOCLAVEGUYS,autoclaveguys.com,No,0,$0,"Website scanned (signal score: 7). No confirmed owned physical retail location found after checking homepage + location/contact/about pages for addresses, store hours, and visit-us signals."
Nox,shopnox.com,No,0,$0,"Website scanned (signal score: 7). No confirmed owned physical retail location found after checking homepage + location/contact/about pages for addresses, store hours, and visit-us signals."
MAGICSNOW,rentals.magicsnow.com,No,0,$0,"Website scanned (signal score: 7). No confirmed owned physical retail location found after checking homepage + location/contact/about pages for addresses, store hours, and visit-us signals."
Freeflow Spas,www.freeflowspas.com,No,0,$0,"Website scanned (signal score: 10). No confirmed owned physical retail location found after checking homepage + location/contact/about pages for addresses, store hours, and visit-us signals."
Doodles by Rebekah,doodlesbyrebekah.com,No,0,$0,"Website scanned (signal score: 10). No confirmed owned physical retail location found after checking homepage + location/contact/about pages for addresses, store hours, and visit-us signals."
Fin Rage Tackle,musky-innovations.myshopify.com,No,0,$0,"Website scanned (signal score: 10). No confirmed owned physical retail location found after checking homepage + location/contact/about pages for addresses, store hours, and visit-us signals."
O'Douds Wholesale,wholesale.odouds.us,No,0,$0,EXCLUDED: Wholesale/B2B/Distributor only.
Gerson Institute,store.gerson.org,No,0,$0,"Website scanned (signal score: 7). No confirmed owned physical retail location found after checking homepage + location/contact/about pages for addresses, store hours, and visit-us signals."
GF Pet.us,www.gfpet.us,No,0,$0,"Website scanned (signal score: 10). No confirmed owned physical retail location found after checking homepage + location/contact/about pages for addresses, store hours, and visit-us signals."
Free Mom Hugs,store.freemomhugs.org,No,0,$0,"Website scanned (signal score: 7). No confirmed owned physical retail location found after checking homepage + location/contact/about pages for addresses, store hours, and visit-us signals."
AVH Extentions & Wigs,allvirginhair.com,No,0,$0,"Website scanned (signal score: 13). No confirmed owned physical retail location found after checking homepage + location/contact/about pages for addresses, store hours, and visit-us signals."
My Big Adventure,mybigadventure.com.au,No,0,$0,"Website scanned (signal score: 4). No confirmed owned physical retail location found after checking homepage + location/contact/about pages for addresses, store hours, and visit-us signals."
Light Poles Plus,lightpolesplus.com,No,0,$0,"Website scanned (signal score: 14). No confirmed owned physical retail location found after checking homepage + location/contact/about pages for addresses, store hours, and visit-us signals."
Park Hopper Design,parkhopperdesign.com,No,0,$0,"Website scanned (signal score: 10). No confirmed owned physical retail location found after checking homepage + location/contact/about pages for addresses, store hours, and visit-us signals."
DS Distribution Center,ds-distributioncenter.com,No,0,$0,EXCLUDED: Wholesale/B2B/Distributor only.
Shop CB Lifestyle,shopcblifestyle.com,No,0,$0,"Website scanned (signal score: 9). No confirmed owned physical retail location found after checking homepage + location/contact/about pages for addresses, store hours, and visit-us signals."
Lara Wholesale,buylara.com,No,0,$0,EXCLUDED: Wholesale/B2B/Distributor only.
Raw & Rebellious,www.rawrebellious.com,No,0,$0,"Website scanned (signal score: 4). No confirmed owned physical retail location found after checking homepage + location/contact/about pages for addresses, store hours, and visit-us signals."
2 Gypsy Sisters Boutique,2-gypsy-sisters-boutique.myshopify.com,No,0,$0,"Website scanned (signal score: 5). No confirmed owned physical retail location found after checking homepage + location/contact/about pages for addresses, store hours, and visit-us signals."
Grass & Bone,www.grassandbone.com.au,No,0,$0,"Website scanned (signal score: 10). No confirmed owned physical retail location found after checking homepage + location/contact/about pages for addresses, store hours, and visit-us signals."
KROK,krokcraft.com,No,0,$0,"Website scanned (signal score: 10). No confirmed owned physical retail location found after checking homepage + location/contact/about pages for addresses, store hours, and visit-us signals."
Culinary by Hobby Hill,hobbyhillfarm.com,No,0,$0,"Website scanned (signal score: 14). No confirmed owned physical retail location found after checking homepage + location/contact/about pages for addresses, store hours, and visit-us signals."
Allegory Handcrafted Goods,allegorygoods.com,No,0,$0,"Website scanned (signal score: 4). No confirmed owned physical retail location found after checking homepage + location/contact/about pages for addresses, store hours, and visit-us signals."
Curst kosmetics,curstkosmetics.com,No,0,$0,"Website scanned (signal score: 7). No confirmed owned physical retail location found after checking homepage + location/contact/about pages for addresses, store hours, and visit-us signals."
McKinley Leather,mckinleyleather.com,No,0,$0,"Website scanned (signal score: 18). No confirmed owned physical retail location found after checking homepage + location/contact/about pages for addresses, store hours, and visit-us signals."
Feiya Cosmetics,feiyacosmetics.com,No,0,$0,"Website scanned (signal score: 10). No confirmed owned physical retail location found after checking homepage + location/contact/about pages for addresses, store hours, and visit-us signals."
FortKnight Optics,fortknightoptics.com,No,0,$0,"Website scanned (signal score: 4). No confirmed owned physical retail location found after checking homepage + location/contact/about pages for addresses, store hours, and visit-us signals."
PS,www.paigespiranac.com,No,0,$0,"Website scanned (signal score: 7). No confirmed owned physical retail location found after checking homepage + location/contact/about pages for addresses, store hours, and visit-us signals."
Hustleandheart.shop,hustleandheart.shop,No,0,$0,"Website scanned (signal score: 10). No confirmed owned physical retail location found after checking homepage + location/contact/about pages for addresses, store hours, and visit-us signals."
ForaCare Canada,shop.foracarecanada.com,No,0,$0,"Website scanned (signal score: 10). No confirmed owned physical retail location found after checking homepage + location/contact/about pages for addresses, store hours, and visit-us signals."
Bella Sleep Company,bellasleepcompany.com,No,0,$0,"Website scanned (signal score: 10). No confirmed owned physical retail location found after checking homepage + location/contact/about pages for addresses, store hours, and visit-us signals."
Blue Water Conservation District,bluewatercd.org,No,0,$0,"Website scanned (signal score: 10). No confirmed owned physical retail location found after checking homepage + location/contact/about pages for addresses, store hours, and visit-us signals."
ImLivinB,www.imlivinbshop.com,No,0,$0,"Website scanned (signal score: 15). No confirmed owned physical retail location found after checking homepage + location/contact/about pages for addresses, store hours, and visit-us signals."
ASTERIA,asteriamask.com,No,0,$0,"Website scanned (signal score: 7). No confirmed owned physical retail location found after checking homepage + location/contact/about pages for addresses, store hours, and visit-us signals."
Air Plant City,www.airplantcity.com,No,0,$0,"Website scanned (signal score: 16). No confirmed owned physical retail location found after checking homepage + location/contact/about pages for addresses, store hours, and visit-us signals."
Savoy Tea Co,savoy-tea-co.myshopify.com,No,0,$0,"Website scanned (signal score: 7). No confirmed owned physical retail location found after checking homepage + location/contact/about pages for addresses, store hours, and visit-us signals."
KUB Baby,kubbaby.com,No,0,$0,"Website scanned (signal score: 7). No confirmed owned physical retail location found after checking homepage + location/contact/about pages for addresses, store hours, and visit-us signals."
Setadel Studios,www.setadelstudios.com,No,0,$0,"Website scanned (signal score: 7). No confirmed owned physical retail location found after checking homepage + location/contact/about pages for addresses, store hours, and visit-us signals."
Roy Henry Vickers Gallery,royhenryvickers.com,No,0,$0,"Website scanned (signal score: 21). No confirmed owned physical retail location found after checking homepage + location/contact/about pages for addresses, store hours, and visit-us signals."
by Humankind,byhumankind.com,No,0,$0,"Website scanned (signal score: 4). No confirmed owned physical retail location found after checking homepage + location/contact/about pages for addresses, store hours, and visit-us signals."
Evolving Textures,evolvingtextures.com,No,0,$0,"Website scanned (signal score: 7). No confirmed owned physical retail location found after checking homepage + location/contact/about pages for addresses, store hours, and visit-us signals."
LullaLeisure,lullaleisure.com,No,0,$0,"Website scanned (signal score: 4). No confirmed owned physical retail location found after checking homepage + location/contact/about pages for addresses, store hours, and visit-us signals."
Chefmaster.com,chefmaster.com,No,0,$0,"Website scanned (signal score: 13). No confirmed owned physical retail location found after checking homepage + location/contact/about pages for addresses, store hours, and visit-us signals."
Neurochrome,neurochrome.com,No,0,$0,"Website scanned (signal score: 13). No confirmed owned physical retail location found after checking homepage + location/contact/about pages for addresses, store hours, and visit-us signals."
mylittlesonshineco,mylittlesonshine.co,No,0,$0,"Website scanned (signal score: 10). No confirmed owned physical retail location found after checking homepage + location/contact/about pages for addresses, store hours, and visit-us signals."
Urban Farmhouse,theufbrand.com,No,0,$0,"Website scanned (signal score: 17). No confirmed owned physical retail location found after checking homepage + location/contact/about pages for addresses, store hours, and visit-us signals."
KNG Motorsports,kngaero.com,No,0,$0,"Website scanned (signal score: 13). No confirmed owned physical retail location found after checking homepage + location/contact/about pages for addresses, store hours, and visit-us signals."
PennBilt,pennbilt.com,No,0,$0,"Website scanned (signal score: 7). No confirmed owned physical retail location found after checking homepage + location/contact/about pages for addresses, store hours, and visit-us signals."
Wound Care Mattress,woundcaremattress.com,No,0,$0,"Website scanned (signal score: 0). No confirmed owned physical retail location found after checking homepage + location/contact/about pages for addresses, store hours, and visit-us signals."
Californo,www.californo.co,No,0,$0,"Website scanned (signal score: 16). No confirmed owned physical retail location found after checking homepage + location/contact/about pages for addresses, store hours, and visit-us signals."
Le Gouté Natural Spice,legoutenaturalspice.com,No,0,$0,"Website scanned (signal score: 7). No confirmed owned physical retail location found after checking homepage + location/contact/about pages for addresses, store hours, and visit-us signals."
Lisette L Montreal - Canada,lisettel.ca,No,0,$0,"Website scanned (signal score: 13). No confirmed owned physical retail location found after checking homepage + location/contact/about pages for addresses, store hours, and visit-us signals."
Redwood Cloth Company,redwoodclothco.com,No,0,$0,"Website scanned (signal score: 4). No confirmed owned physical retail location found after checking homepage + location/contact/about pages for addresses, store hours, and visit-us signals."
Wildwood Grilling Outlet,wildwoodgrillingoutlet.com,No,0,$0,"Website scanned (signal score: 15). No confirmed owned physical retail location found after checking homepage + location/contact/about pages for addresses, store hours, and visit-us signals."
Orlando Informer Merchandise,merch.orlandoinformer.com,No,0,$0,"Website scanned (signal score: 7). No confirmed owned physical retail location found after checking homepage + location/contact/about pages for addresses, store hours, and visit-us signals."
OffCourt,offcourt.com,No,0,$0,"Website scanned (signal score: 7). No confirmed owned physical retail location found after checking homepage + location/contact/about pages for addresses, store hours, and visit-us signals."
Russell Brothers Farm,russellbrothersfarms.com,No,0,$0,"Website scanned (signal score: 10). No confirmed owned physical retail location found after checking homepage + location/contact/about pages for addresses, store hours, and visit-us signals."
ordinaryselenophile,www.ordinaryselenophile.com,No,0,$0,"Website scanned (signal score: 16). No confirmed owned physical retail location found after checking homepage + location/contact/about pages for addresses, store hours, and visit-us signals."
General Jackson's,genjax.com,No,0,$0,"Website scanned (signal score: 7). No confirmed owned physical retail location found after checking homepage + location/contact/about pages for addresses, store hours, and visit-us signals."
The Branded Vaquero,thebrandedvaquero.com,No,0,$0,"Website scanned (signal score: 7). No confirmed owned physical retail location found after checking homepage + location/contact/about pages for addresses, store hours, and visit-us signals."
Firebird Stamps LLC,firebirdstamps.com,No,0,$0,"Website scanned (signal score: 7). No confirmed owned physical retail location found after checking homepage + location/contact/about pages for addresses, store hours, and visit-us signals."
Ski Lift Designs,skiliftdesigns.com,No,0,$0,"Website scanned (signal score: 10). No confirmed owned physical retail location found after checking homepage + location/contact/about pages for addresses, store hours, and visit-us signals."
MELAS CLOTHING CO.,melasclothingco.com,No,0,$0,"Website scanned (signal score: 7). No confirmed owned physical retail location found after checking homepage + location/contact/about pages for addresses, store hours, and visit-us signals."
Majorwavezlab,majorwavezlab.com,No,0,$0,"Website scanned (signal score: 7). No confirmed owned physical retail location found after checking homepage + location/contact/about pages for addresses, store hours, and visit-us signals."
Bezier Games,beziergames.com,No,0,$0,"Website scanned (signal score: 12). No confirmed owned physical retail location found after checking homepage + location/contact/about pages for addresses, store hours, and visit-us signals."
Pixel Surplus,pixelsurplus.com,No,0,$0,"Website scanned (signal score: 4). No confirmed owned physical retail location found after checking homepage + location/contact/about pages for addresses, store hours, and visit-us signals."
Wristbands Online,www.wristbandsonline.com,No,0,$0,"Website scanned (signal score: 12). No confirmed owned physical retail location found after checking homepage + location/contact/about pages for addresses, store hours, and visit-us signals."
privé products pro,priveproductspro.com,No,0,$0,"Website scanned (signal score: 4). No confirmed owned physical retail location found after checking homepage + location/contact/about pages for addresses, store hours, and visit-us signals."
Brockton Gems,brocktongems.com,No,0,$0,"Website scanned (signal score: 4). No confirmed owned physical retail location found after checking homepage + location/contact/about pages for addresses, store hours, and visit-us signals."
Sissy's Shop AL,sissysshopal.com,No,0,$0,"Website scanned (signal score: 4). No confirmed owned physical retail location found after checking homepage + location/contact/about pages for addresses, store hours, and visit-us signals."
Powercall Sirens LLC,powercallsirens.com,No,0,$0,"Website scanned (signal score: 7). No confirmed owned physical retail location found after checking homepage + location/contact/about pages for addresses, store hours, and visit-us signals."
Lacy Boots,www.lacyboots.com,No,0,$0,"Website scanned (signal score: 12). No confirmed owned physical retail location found after checking homepage + location/contact/about pages for addresses, store hours, and visit-us signals."
Vieler International LP,vieler.store,No,0,$0,"Website scanned (signal score: 7). No confirmed owned physical retail location found after checking homepage + location/contact/about pages for addresses, store hours, and visit-us signals."
Bachelorette.com,bachelorette.com,No,0,$0,"Website scanned (signal score: 16). No confirmed owned physical retail location found after checking homepage + location/contact/about pages for addresses, store hours, and visit-us signals."
The Original Poop Bags®️,poopbags.com,No,0,$0,"Website scanned (signal score: 4). No confirmed owned physical retail location found after checking homepage + location/contact/about pages for addresses, store hours, and visit-us signals."
Doatnut,doatnut.myshopify.com,No,0,$0,"Website scanned (signal score: 7). No confirmed owned physical retail location found after checking homepage + location/contact/about pages for addresses, store hours, and visit-us signals."
TAP & DYE,www.tapanddye.com,No,0,$0,"Website scanned (signal score: 4). No confirmed owned physical retail location found after checking homepage + location/contact/about pages for addresses, store hours, and visit-us signals."
Holiday Warehouse,holidaywarehouse.com,No,0,$0,"Website scanned (signal score: 0). No confirmed owned physical retail location found after checking homepage + location/contact/about pages for addresses, store hours, and visit-us signals."
thestrongneck,thestrongneck.com,No,0,$0,"Website scanned (signal score: 7). No confirmed owned physical retail location found after checking homepage + location/contact/about pages for addresses, store hours, and visit-us signals."
Sweet Rollz Golf,sweetrollzgolf.com,No,0,$0,"Website scanned (signal score: 4). No confirmed owned physical retail location found after checking homepage + location/contact/about pages for addresses, store hours, and visit-us signals."
Onpharma Company,www.onpharma.com,No,0,$0,"Website scanned (signal score: 9). No confirmed owned physical retail location found after checking homepage + location/contact/about pages for addresses, store hours, and visit-us signals."
Sonrei,www.sonreiskin.com,No,0,$0,"Website scanned (signal score: 7). No confirmed owned physical retail location found after checking homepage + location/contact/about pages for addresses, store hours, and visit-us signals."
Exoticblinksaz,exoticblinksaz.com,No,0,$0,"Website scanned (signal score: 4). No confirmed owned physical retail location found after checking homepage + location/contact/about pages for addresses, store hours, and visit-us signals."
KoolR,www.koolr.com,No,0,$0,"Website scanned (signal score: 10). No confirmed owned physical retail location found after checking homepage + location/contact/about pages for addresses, store hours, and visit-us signals."
DONNÉE ᴾᴬᴿ DIEU ®,www.donneepardieu.com,No,0,$0,"Website scanned (signal score: 8). No confirmed owned physical retail location found after checking homepage + location/contact/about pages for addresses, store hours, and visit-us signals."
Piper & Perro,piperandperro.com,No,0,$0,"Website scanned (signal score: 10). No confirmed owned physical retail location found after checking homepage + location/contact/about pages for addresses, store hours, and visit-us signals."
SLIK Tripods,slikusa.com,No,0,$0,"Website scanned (signal score: 18). No confirmed owned physical retail location found after checking homepage + location/contact/about pages for addresses, store hours, and visit-us signals."
The Boob Tape,www.theboobtape.com,No,0,$0,"Website scanned (signal score: 10). No confirmed owned physical retail location found after checking homepage + location/contact/about pages for addresses, store hours, and visit-us signals."
Flower Days Florists,www.flowerdaysflorists.co.uk,No,0,$0,"Website scanned (signal score: 12). No confirmed owned physical retail location found after checking homepage + location/contact/about pages for addresses, store hours, and visit-us signals."
Luxe Gemmes,www.luxegemmes.com,No,0,$0,"Website scanned (signal score: 12). No confirmed owned physical retail location found after checking homepage + location/contact/about pages for addresses, store hours, and visit-us signals."
Coast Roast Organic Coffee,coastroast.com,No,0,$0,"Website scanned (signal score: 7). No confirmed owned physical retail location found after checking homepage + location/contact/about pages for addresses, store hours, and visit-us signals."
Tatiana Irizar,tatianairizar.com,No,0,$0,"Website scanned (signal score: 9). No confirmed owned physical retail location found after checking homepage + location/contact/about pages for addresses, store hours, and visit-us signals."
PROTECTCOVERS,protectcovers.com,No,0,$0,"Website scanned (signal score: 10). No confirmed owned physical retail location found after checking homepage + location/contact/about pages for addresses, store hours, and visit-us signals."
house-plant-west,houseplantwest.com,No,0,$0,"Website scanned (signal score: 19). No confirmed owned physical retail location found after checking homepage + location/contact/about pages for addresses, store hours, and visit-us signals."
東森電視特賣會 ETMall.TV,etmall.tv,No,0,$0,"Website scanned (signal score: 4). No confirmed owned physical retail location found after checking homepage + location/contact/about pages for addresses, store hours, and visit-us signals."
SoundproofStore,soundproofstore.com,No,0,$0,"Website scanned (signal score: 12). No confirmed owned physical retail location found after checking homepage + location/contact/about pages for addresses, store hours, and visit-us signals."
Kalon Essential,www.kalonessential.com,No,0,$0,"Website scanned (signal score: 7). No confirmed owned physical retail location found after checking homepage + location/contact/about pages for addresses, store hours, and visit-us signals."
TrendyWristbands,www.trendywristbands.com,No,0,$0,"Website scanned (signal score: 12). No confirmed owned physical retail location found after checking homepage + location/contact/about pages for addresses, store hours, and visit-us signals."
woodybeingllc,www.woodybeing.com,No,0,$0,"Website scanned (signal score: 7). No confirmed owned physical retail location found after checking homepage + location/contact/about pages for addresses, store hours, and visit-us signals."
Voll-Öko,voll-oeko.de,No,0,$0,"Website scanned (signal score: 4). No confirmed owned physical retail location found after checking homepage + location/contact/about pages for addresses, store hours, and visit-us signals."
Ovipost,www.ovipost.com,No,0,$0,"Website scanned (signal score: 12). No confirmed owned physical retail location found after checking homepage + location/contact/about pages for addresses, store hours, and visit-us signals."
Preserve,www.preserve.eco,No,0,$0,"Website scanned (signal score: 9). No confirmed owned physical retail location found after checking homepage + location/contact/about pages for addresses, store hours, and visit-us signals."
Black Knight,playbk.com,No,0,$0,"Website scanned (signal score: 4). No confirmed owned physical retail location found after checking homepage + location/contact/about pages for addresses, store hours, and visit-us signals."
Serucell,serucell.com,No,0,$0,"Website scanned (signal score: 10). No confirmed owned physical retail location found after checking homepage + location/contact/about pages for addresses, store hours, and visit-us signals."
cielos.la,cieloslosangeles.com,No,0,$0,"Website scanned (signal score: 4). No confirmed owned physical retail location found after checking homepage + location/contact/about pages for addresses, store hours, and visit-us signals."
CK Fight Life,www.ckfightlife.com,No,0,$0,"Website scanned (signal score: 12). No confirmed owned physical retail location found after checking homepage + location/contact/about pages for addresses, store hours, and visit-us signals."
NC Paints,ncpaints.com,No,0,$0,"Website scanned (signal score: 14). No confirmed owned physical retail location found after checking homepage + location/contact/about pages for addresses, store hours, and visit-us signals."
Blackballed Golf,blackballedgolf.com,No,0,$0,"Website scanned (signal score: 4). No confirmed owned physical retail location found after checking homepage + location/contact/about pages for addresses, store hours, and visit-us signals."
The RAF Outfitter,outfitter.theraf.org,No,0,$0,"Website scanned (signal score: 7). No confirmed owned physical retail location found after checking homepage + location/contact/about pages for addresses, store hours, and visit-us signals."
Prime Kitchen and Nutrition,primemealprep.com,No,0,$0,"Website scanned (signal score: 16). No confirmed owned physical retail location found after checking homepage + location/contact/about pages for addresses, store hours, and visit-us signals."
The Happy Place Shop,shophappyplace.myshopify.com,No,0,$0,"Website scanned (signal score: 4). No confirmed owned physical retail location found after checking homepage + location/contact/about pages for addresses, store hours, and visit-us signals."
Gauge-Life,gaugelife.com,No,0,$0,"Website scanned (signal score: 7). No confirmed owned physical retail location found after checking homepage + location/contact/about pages for addresses, store hours, and visit-us signals."
Kishkesh,www.kishkesh.com,No,0,$0,"Website scanned (signal score: 10). No confirmed owned physical retail location found after checking homepage + location/contact/about pages for addresses, store hours, and visit-us signals."
Kori Krill Oil,shop.korikrilloil.com,No,0,$0,"Website scanned (signal score: 10). No confirmed owned physical retail location found after checking homepage + location/contact/about pages for addresses, store hours, and visit-us signals."
BarkerandBrowns,barkerandbrowns.com,No,0,$0,"Website scanned (signal score: 7). No confirmed owned physical retail location found after checking homepage + location/contact/about pages for addresses, store hours, and visit-us signals."
OBTAIND,obtaind.com,No,0,$0,"Website scanned (signal score: 15). No confirmed owned physical retail location found after checking homepage + location/contact/about pages for addresses, store hours, and visit-us signals."
Flower Lane,shopflowerlane.com,No,0,$0,"Website scanned (signal score: 8). No confirmed owned physical retail location found after checking homepage + location/contact/about pages for addresses, store hours, and visit-us signals."
Wacky Riggers,wacky-riggers.myshopify.com,No,0,$0,"Website scanned (signal score: 4). No confirmed owned physical retail location found after checking homepage + location/contact/about pages for addresses, store hours, and visit-us signals."
HiVis365 by Northeast Sign,www.hivis365.com,No,0,$0,"Website scanned (signal score: 16). No confirmed owned physical retail location found after checking homepage + location/contact/about pages for addresses, store hours, and visit-us signals."
Quince Flowers,quinceflowers.com,No,0,$0,"Website scanned (signal score: 33). No confirmed owned physical retail location found after checking homepage + location/contact/about pages for addresses, store hours, and visit-us signals."
Rusty Hinges Ranch,www.rustyhingesranch.com,No,0,$0,"Website scanned (signal score: 4). No confirmed owned physical retail location found after checking homepage + location/contact/about pages for addresses, store hours, and visit-us signals."
oncnaturalcolors.com,oncnaturalcolors.com,No,0,$0,"Website scanned (signal score: 12). No confirmed owned physical retail location found after checking homepage + location/contact/about pages for addresses, store hours, and visit-us signals."
Dream Weaver Canada,shopdreamweaver.ca,No,0,$0,"Website scanned (signal score: 7). No confirmed owned physical retail location found after checking homepage + location/contact/about pages for addresses, store hours, and visit-us signals."
MESS in a Bottle,www.messinabottle.com,No,0,$0,"Website scanned (signal score: 12). No confirmed owned physical retail location found after checking homepage + location/contact/about pages for addresses, store hours, and visit-us signals."
Luke's Lobster Wholesale,lukeslobster.myshopify.com,No,0,$0,EXCLUDED: Wholesale/B2B/Distributor only.
LOST HUNT VINTAGE,losthuntvintage.com,No,0,$0,"Website scanned (signal score: 7). No confirmed owned physical retail location found after checking homepage + location/contact/about pages for addresses, store hours, and visit-us signals."
Synchrony Private Label Shop,synchronyprivatelabel.com,No,0,$0,"Website scanned (signal score: 12). No confirmed owned physical retail location found after checking homepage + location/contact/about pages for addresses, store hours, and visit-us signals."
Declaration Grooming,www.declarationgrooming.com,No,0,$0,"Website scanned (signal score: 7). No confirmed owned physical retail location found after checking homepage + location/contact/about pages for addresses, store hours, and visit-us signals."
Lopine,emryne.store,No,0,$0,"Website scanned (signal score: 13). No confirmed owned physical retail location found after checking homepage + location/contact/about pages for addresses, store hours, and visit-us signals."
Manafacture DTF,manadtf.com,No,0,$0,"Website scanned (signal score: 19). No confirmed owned physical retail location found after checking homepage + location/contact/about pages for addresses, store hours, and visit-us signals."
Minzuu,www.minzuu.com,No,0,$0,"Website scanned (signal score: 12). No confirmed owned physical retail location found after checking homepage + location/contact/about pages for addresses, store hours, and visit-us signals."
Zeal,livezeal.com,No,0,$0,"Website scanned (signal score: 15). No confirmed owned physical retail location found after checking homepage + location/contact/about pages for addresses, store hours, and visit-us signals."
Big River Hardware,bigriverhardware.com,No,0,$0,"Website scanned (signal score: 22). No confirmed owned physical retail location found after checking homepage + location/contact/about pages for addresses, store hours, and visit-us signals."
Post Meridiem Spirits,shop.postmeridiemspirits.com,No,0,$0,"Website scanned (signal score: 8). No confirmed owned physical retail location found after checking homepage + location/contact/about pages for addresses, store hours, and visit-us signals."
TO112,www.to112.com,No,0,$0,"Website scanned (signal score: 7). No confirmed owned physical retail location found after checking homepage + location/contact/about pages for addresses, store hours, and visit-us signals."
Kasey Kahne,kaseykahne.com,No,0,$0,"Website scanned (signal score: 7). No confirmed owned physical retail location found after checking homepage + location/contact/about pages for addresses, store hours, and visit-us signals."
INARU,shopinaru.com,No,0,$0,"Website scanned (signal score: 7). No confirmed owned physical retail location found after checking homepage + location/contact/about pages for addresses, store hours, and visit-us signals."
Nomad1942,nomad1942.com,No,0,$0,"Website scanned (signal score: 4). No confirmed owned physical retail location found after checking homepage + location/contact/about pages for addresses, store hours, and visit-us signals."
CEOrganix,ceorganix.com,No,0,$0,"Website scanned (signal score: 7). No confirmed owned physical retail location found after checking homepage + location/contact/about pages for addresses, store hours, and visit-us signals."
Plushology®,plushology.com,No,0,$0,"Website scanned (signal score: 13). No confirmed owned physical retail location found after checking homepage + location/contact/about pages for addresses, store hours, and visit-us signals."
7th Heaven Chocolate,www.7thheavenchocolate.com,No,0,$0,"Website scanned (signal score: 8). No confirmed owned physical retail location found after checking homepage + location/contact/about pages for addresses, store hours, and visit-us signals."
Popular Woodworking,store.popularwoodworking.com,No,0,$0,"Website scanned (signal score: 15). No confirmed owned physical retail location found after checking homepage + location/contact/about pages for addresses, store hours, and visit-us signals."
797 Offroad,797offroad.com,No,0,$0,"Website scanned (signal score: 7). No confirmed owned physical retail location found after checking homepage + location/contact/about pages for addresses, store hours, and visit-us signals."
Allen Stone,www.allenstone.com,No,0,$0,"Website scanned (signal score: 10). No confirmed owned physical retail location found after checking homepage + location/contact/about pages for addresses, store hours, and visit-us signals."
BBBrooke,shopbbbrooke.com,No,0,$0,"Website scanned (signal score: 7). No confirmed owned physical retail location found after checking homepage + location/contact/about pages for addresses, store hours, and visit-us signals."
The University of Science and Philosophy,philosophy-org.myshopify.com,No,0,$0,"Website scanned (signal score: 7). No confirmed owned physical retail location found after checking homepage + location/contact/about pages for addresses, store hours, and visit-us signals."
Soul Coughing Store,soulcoughingstore.com,No,0,$0,"Website scanned (signal score: 7). No confirmed owned physical retail location found after checking homepage + location/contact/about pages for addresses, store hours, and visit-us signals."
Aloha Hawaii Orchids,hiorchids.com,No,0,$0,"Website scanned (signal score: 7). No confirmed owned physical retail location found after checking homepage + location/contact/about pages for addresses, store hours, and visit-us signals."
SleepLikeABear.com,sleeplikeabear.com,No,0,$0,"Website scanned (signal score: 12). No confirmed owned physical retail location found after checking homepage + location/contact/about pages for addresses, store hours, and visit-us signals."
MakeUpMania.com,www.makeupmania.com,No,0,$0,"Website scanned (signal score: 13). No confirmed owned physical retail location found after checking homepage + location/contact/about pages for addresses, store hours, and visit-us signals."
Tap N Roll,tapnrollva.com,No,0,$0,"Website scanned (signal score: 10). No confirmed owned physical retail location found after checking homepage + location/contact/about pages for addresses, store hours, and visit-us signals."
NewVintageThrifts,newvintagethrifts.com,No,0,$0,"Website scanned (signal score: 7). No confirmed owned physical retail location found after checking homepage + location/contact/about pages for addresses, store hours, and visit-us signals."
Public Myth Canada,shop.publicmyth.ca,No,0,$0,"Website scanned (signal score: 16). No confirmed owned physical retail location found after checking homepage + location/contact/about pages for addresses, store hours, and visit-us signals."
FaceTory - Every Face Has A Story,www.facetory.com,No,0,$0,"Website scanned (signal score: 7). No confirmed owned physical retail location found after checking homepage + location/contact/about pages for addresses, store hours, and visit-us signals."
glazdjewels,glazdjewels.com,No,0,$0,"Website scanned (signal score: 4). No confirmed owned physical retail location found after checking homepage + location/contact/about pages for addresses, store hours, and visit-us signals."
Catholic Data.Co,catholicdata.co,No,0,$0,"Website scanned (signal score: 7). No confirmed owned physical retail location found after checking homepage + location/contact/about pages for addresses, store hours, and visit-us signals."
LionsLegacyClub,lionslegacyclub.com,No,0,$0,"Website scanned (signal score: 0). No confirmed owned physical retail location found after checking homepage + location/contact/about pages for addresses, store hours, and visit-us signals."
Muse Kits,musekits.com,No,0,$0,"Website scanned (signal score: 4). No confirmed owned physical retail location found after checking homepage + location/contact/about pages for addresses, store hours, and visit-us signals."
Merry Clinic 曼康中医药,merryclinic.net,No,0,$0,"Website scanned (signal score: 9). No confirmed owned physical retail location found after checking homepage + location/contact/about pages for addresses, store hours, and visit-us signals."
VintageWinter,www.vintagewinter.com,No,0,$0,"Website scanned (signal score: 16). No confirmed owned physical retail location found after checking homepage + location/contact/about pages for addresses, store hours, and visit-us signals."
Romans Jewelry,romansjewelry.com,No,0,$0,"Website scanned (signal score: 17). No confirmed owned physical retail location found after checking homepage + location/contact/about pages for addresses, store hours, and visit-us signals."
Reed’s Italian Dressing,www.reedsdressing.com,No,0,$0,"Website scanned (signal score: 5). No confirmed owned physical retail location found after checking homepage + location/contact/about pages for addresses, store hours, and visit-us signals."
Concierge Diamonds,conciergediamonds.com,No,0,$0,"Website scanned (signal score: 15). No confirmed owned physical retail location found after checking homepage + location/contact/about pages for addresses, store hours, and visit-us signals."
Picadilly Canada,us.picadilly.ca,No,0,$0,"Website scanned (signal score: 10). No confirmed owned physical retail location found after checking homepage + location/contact/about pages for addresses, store hours, and visit-us signals."
Chefs' Toys ReOrder,reorderchefstoys.myshopify.com,No,0,$0,"Website scanned (signal score: 0). No confirmed owned physical retail location found after checking homepage + location/contact/about pages for addresses, store hours, and visit-us signals."
Billet Pro Shop Wholesale,b2b.billetproshop.com,No,0,$0,EXCLUDED: Wholesale/B2B/Distributor only.
Let's Get Crafty Customs,letsgetcraftycustoms.com,No,0,$0,"Website scanned (signal score: 4). No confirmed owned physical retail location found after checking homepage + location/contact/about pages for addresses, store hours, and visit-us signals."
La-Reina Cosmetics,lareinacosmetics.com,No,0,$0,"Website scanned (signal score: 4). No confirmed owned physical retail location found after checking homepage + location/contact/about pages for addresses, store hours, and visit-us signals."
SheerGirl,www.sheergirl.com,No,0,$0,"Website scanned (signal score: 10). No confirmed owned physical retail location found after checking homepage + location/contact/about pages for addresses, store hours, and visit-us signals."
OnlyRawBeauty,www.onlyrawbeauty.com,No,0,$0,"Website scanned (signal score: 7). No confirmed owned physical retail location found after checking homepage + location/contact/about pages for addresses, store hours, and visit-us signals."
MPI Home Video,www.mpihomevideo.com,No,0,$0,"Website scanned (signal score: 7). No confirmed owned physical retail location found after checking homepage + location/contact/about pages for addresses, store hours, and visit-us signals."
BRAVON BEAUTY,bravonbeauty.com,No,0,$0,"Website scanned (signal score: 7). No confirmed owned physical retail location found after checking homepage + location/contact/about pages for addresses, store hours, and visit-us signals."
Bunny James Boxes,bunnyjamesboxes.com,No,0,$0,"Website scanned (signal score: 12). No confirmed owned physical retail location found after checking homepage + location/contact/about pages for addresses, store hours, and visit-us signals."
agape candles wholesale,www.shopagapecandleswholesale.com,No,0,$0,EXCLUDED: Wholesale/B2B/Distributor only.
Native Nectar Botanicals,nativenectarbotanicals.com,No,0,$0,"Website scanned (signal score: 13). No confirmed owned physical retail location found after checking homepage + location/contact/about pages for addresses, store hours, and visit-us signals."
Blake & Taylor Chalk Furniture Paint,blakeandtaylorpaint.com.au,No,0,$0,"Website scanned (signal score: 7). No confirmed owned physical retail location found after checking homepage + location/contact/about pages for addresses, store hours, and visit-us signals."
Great Lakes Proud,www.greatlakesproud.com,No,0,$0,"Website scanned (signal score: 7). No confirmed owned physical retail location found after checking homepage + location/contact/about pages for addresses, store hours, and visit-us signals."
AliviOTC,storegoldkidney.myshopify.com,No,0,$0,"Website scanned (signal score: 4). No confirmed owned physical retail location found after checking homepage + location/contact/about pages for addresses, store hours, and visit-us signals."
Aleppo Savon | Savon d’Alep,alepposavon.ca,No,0,$0,"Website scanned (signal score: 13). No confirmed owned physical retail location found after checking homepage + location/contact/about pages for addresses, store hours, and visit-us signals."
TB Publishing,tinybibles.com,No,0,$0,"Website scanned (signal score: 7). No confirmed owned physical retail location found after checking homepage + location/contact/about pages for addresses, store hours, and visit-us signals."
Wines from France,winesfromfrance.com,No,0,$0,"Website scanned (signal score: 4). No confirmed owned physical retail location found after checking homepage + location/contact/about pages for addresses, store hours, and visit-us signals."
Adam Doleac Shop,adamdoleac.shop,No,0,$0,"Website scanned (signal score: 7). No confirmed owned physical retail location found after checking homepage + location/contact/about pages for addresses, store hours, and visit-us signals."
Sending You Aloha,sendingyoualoha.com,No,0,$0,"Website scanned (signal score: 7). No confirmed owned physical retail location found after checking homepage + location/contact/about pages for addresses, store hours, and visit-us signals."
Fairy Garden Store,fairygardenstore.com,No,0,$0,"Website scanned (signal score: 15). No confirmed owned physical retail location found after checking homepage + location/contact/about pages for addresses, store hours, and visit-us signals."
Goddess Maintenance Company,goddessmaintenance.com,No,0,$0,"Website scanned (signal score: 7). No confirmed owned physical retail location found after checking homepage + location/contact/about pages for addresses, store hours, and visit-us signals."
Shop4Him,shop4him.com,No,0,$0,"Website scanned (signal score: 13). No confirmed owned physical retail location found after checking homepage + location/contact/about pages for addresses, store hours, and visit-us signals."
Unofive,unofive.ca,No,0,$0,"Website scanned (signal score: 12). No confirmed owned physical retail location found after checking homepage + location/contact/about pages for addresses, store hours, and visit-us signals."
Stay You Shop,stayyou.ca,No,0,$0,"Website scanned (signal score: 7). No confirmed owned physical retail location found after checking homepage + location/contact/about pages for addresses, store hours, and visit-us signals."
TourGear Designs,www.tourgeardesigns.com,No,0,$0,"Website scanned (signal score: 10). No confirmed owned physical retail location found after checking homepage + location/contact/about pages for addresses, store hours, and visit-us signals."
Jeff McWhinney Designs,mcwhinneydesigns.com,No,0,$0,"Website scanned (signal score: 13). No confirmed owned physical retail location found after checking homepage + location/contact/about pages for addresses, store hours, and visit-us signals."
The Headspace,theheadspace.net,No,0,$0,"Website scanned (signal score: 16). No confirmed owned physical retail location found after checking homepage + location/contact/about pages for addresses, store hours, and visit-us signals."
LumiLor,shop.lumilor.com,No,0,$0,"Website scanned (signal score: 7). No confirmed owned physical retail location found after checking homepage + location/contact/about pages for addresses, store hours, and visit-us signals."
VIF Propeller,vifprop.com,No,0,$0,"Website scanned (signal score: 13). No confirmed owned physical retail location found after checking homepage + location/contact/about pages for addresses, store hours, and visit-us signals."
The Restaurant Authority,therestaurantauthority.com,No,0,$0,"Website scanned (signal score: 19). No confirmed owned physical retail location found after checking homepage + location/contact/about pages for addresses, store hours, and visit-us signals."
shopmarketnet,shopmarketnet.com,No,0,$0,"Website scanned (signal score: 10). No confirmed owned physical retail location found after checking homepage + location/contact/about pages for addresses, store hours, and visit-us signals."
Metals Farm,metalsfarm.ca,No,0,$0,"Website scanned (signal score: 10). No confirmed owned physical retail location found after checking homepage + location/contact/about pages for addresses, store hours, and visit-us signals."
Hello To Natural LLC,www.hellotonatural.com,No,0,$0,"Website scanned (signal score: 15). No confirmed owned physical retail location found after checking homepage + location/contact/about pages for addresses, store hours, and visit-us signals."
Figgyduff Dory,www.figgyduffdory.com,No,0,$0,"Website scanned (signal score: 7). No confirmed owned physical retail location found after checking homepage + location/contact/about pages for addresses, store hours, and visit-us signals."
Fortune Honey,fortunehoney.com,No,0,$0,"Website scanned (signal score: 10). No confirmed owned physical retail location found after checking homepage + location/contact/about pages for addresses, store hours, and visit-us signals."
Inklings Paperie,inklingspaperie.com,No,0,$0,"Website scanned (signal score: 12). No confirmed owned physical retail location found after checking homepage + location/contact/about pages for addresses, store hours, and visit-us signals."
Headwaters Outfitters Outdoor Adventures,shopheadwatersoutdoors.com,No,0,$0,"Website scanned (signal score: 7). No confirmed owned physical retail location found after checking homepage + location/contact/about pages for addresses, store hours, and visit-us signals."
Spring Loaded,spring-loaded-ca.myshopify.com,No,0,$0,"Website scanned (signal score: 7). No confirmed owned physical retail location found after checking homepage + location/contact/about pages for addresses, store hours, and visit-us signals."
OhYasFit,ohyasfit.com,No,0,$0,"Website scanned (signal score: 10). No confirmed owned physical retail location found after checking homepage + location/contact/about pages for addresses, store hours, and visit-us signals."
MCHARMS,mcharms.com,No,0,$0,"Website scanned (signal score: 7). No confirmed owned physical retail location found after checking homepage + location/contact/about pages for addresses, store hours, and visit-us signals."
Parfumelle,perfumelle-store.myshopify.com,No,0,$0,"Website scanned (signal score: 7). No confirmed owned physical retail location found after checking homepage + location/contact/about pages for addresses, store hours, and visit-us signals."
Ye Ole Sweet Shoppe,yeolesweets.com,No,0,$0,"Website scanned (signal score: 12). No confirmed owned physical retail location found after checking homepage + location/contact/about pages for addresses, store hours, and visit-us signals."
FireSide Food Shop,firesidefoodshop.com,No,0,$0,"Website scanned (signal score: 10). No confirmed owned physical retail location found after checking homepage + location/contact/about pages for addresses, store hours, and visit-us signals."
TRIPLE D DODI’S DIPS AND DECALS,triple-d-dodi-s-dips-and-decals.myshopify.com,No,0,$0,"Website scanned (signal score: 7). No confirmed owned physical retail location found after checking homepage + location/contact/about pages for addresses, store hours, and visit-us signals."
Diamond Legends Online,diamondlegends.com,No,0,$0,"Website scanned (signal score: 10). No confirmed owned physical retail location found after checking homepage + location/contact/about pages for addresses, store hours, and visit-us signals."
JLF Adventures,www.jlfadventures.com,No,0,$0,"Website scanned (signal score: 10). No confirmed owned physical retail location found after checking homepage + location/contact/about pages for addresses, store hours, and visit-us signals."
Perfect Baskets,www.perfectbaskets.ca,No,0,$0,"Website scanned (signal score: 13). No confirmed owned physical retail location found after checking homepage + location/contact/about pages for addresses, store hours, and visit-us signals."
Razorglove.com,razorglove-com.myshopify.com,No,0,$0,"Website scanned (signal score: 10). No confirmed owned physical retail location found after checking homepage + location/contact/about pages for addresses, store hours, and visit-us signals."
Brooklyn Equipment,brooklyn-equipment.com,No,0,$0,"Website scanned (signal score: 16). No confirmed owned physical retail location found after checking homepage + location/contact/about pages for addresses, store hours, and visit-us signals."
The House of Stylez,thehouseofstylez.com,No,0,$0,"Website scanned (signal score: 11). No confirmed owned physical retail location found after checking homepage + location/contact/about pages for addresses, store hours, and visit-us signals."
Invicta Jewelry,invictajewelry.com,No,0,$0,"Website scanned (signal score: 7). No confirmed owned physical retail location found after checking homepage + location/contact/about pages for addresses, store hours, and visit-us signals."
QD Jewelry,qdjewelers.com,No,0,$0,"Website scanned (signal score: 12). No confirmed owned physical retail location found after checking homepage + location/contact/about pages for addresses, store hours, and visit-us signals."
Snow's Boutique,snowsboutique.com,No,0,$0,"Website scanned (signal score: 12). No confirmed owned physical retail location found after checking homepage + location/contact/about pages for addresses, store hours, and visit-us signals."
Greek Wellness,www.greekwellness.com,No,0,$0,"Website scanned (signal score: 7). No confirmed owned physical retail location found after checking homepage + location/contact/about pages for addresses, store hours, and visit-us signals."
Betty Beauty - Color for the Hair Down There,www.bettybeauty.com,No,0,$0,"Website scanned (signal score: 7). No confirmed owned physical retail location found after checking homepage + location/contact/about pages for addresses, store hours, and visit-us signals."
Downtown Deco,downtowndeco.com,No,0,$0,"Website scanned (signal score: 13). No confirmed owned physical retail location found after checking homepage + location/contact/about pages for addresses, store hours, and visit-us signals."
muslimquiz,www.muslimquiz.de,No,0,$0,"Website scanned (signal score: 4). No confirmed owned physical retail location found after checking homepage + location/contact/about pages for addresses, store hours, and visit-us signals."
Salt & Gold Collection,www.saltandgold.com.au,No,0,$0,"Website scanned (signal score: 7). No confirmed owned physical retail location found after checking homepage + location/contact/about pages for addresses, store hours, and visit-us signals."
Dusti Rhoads,dustirhoadswholesale.com,No,0,$0,"Website scanned (signal score: 0). No confirmed owned physical retail location found after checking homepage + location/contact/about pages for addresses, store hours, and visit-us signals."
Myrtle Greens,myrtlegreens.com,No,0,$0,"Website scanned (signal score: 7). No confirmed owned physical retail location found after checking homepage + location/contact/about pages for addresses, store hours, and visit-us signals."
Preval,store.preval.com,No,0,$0,"Website scanned (signal score: 7). No confirmed owned physical retail location found after checking homepage + location/contact/about pages for addresses, store hours, and visit-us signals."
Winning Streak,winningstreakathletics.com,No,0,$0,"Website scanned (signal score: 10). No confirmed owned physical retail location found after checking homepage + location/contact/about pages for addresses, store hours, and visit-us signals."
ONEINMIL,www.oneinmil.com,No,0,$0,"Website scanned (signal score: 5). No confirmed owned physical retail location found after checking homepage + location/contact/about pages for addresses, store hours, and visit-us signals."
Custard Boutique,custardboutique.com,No,0,$0,"Website scanned (signal score: 17). No confirmed owned physical retail location found after checking homepage + location/contact/about pages for addresses, store hours, and visit-us signals."
Food Huggers DS,food-huggers-drop.myshopify.com,No,0,$0,"Website scanned (signal score: 4). No confirmed owned physical retail location found after checking homepage + location/contact/about pages for addresses, store hours, and visit-us signals."
TossSauce,www.shoptosssauce.com,No,0,$0,"Website scanned (signal score: 10). No confirmed owned physical retail location found after checking homepage + location/contact/about pages for addresses, store hours, and visit-us signals."
Alyce Paris,alyceparis.com,No,0,$0,"Website scanned (signal score: 10). No confirmed owned physical retail location found after checking homepage + location/contact/about pages for addresses, store hours, and visit-us signals."
Eclipse Glasses,www.eclipseglasses.com,No,0,$0,"Website scanned (signal score: 10). No confirmed owned physical retail location found after checking homepage + location/contact/about pages for addresses, store hours, and visit-us signals."
Miss-me-art,missmeart.com,No,0,$0,"Website scanned (signal score: 7). No confirmed owned physical retail location found after checking homepage + location/contact/about pages for addresses, store hours, and visit-us signals."
STEELWITHTEETH,steelwithteeth.com,No,0,$0,"Website scanned (signal score: 10). No confirmed owned physical retail location found after checking homepage + location/contact/about pages for addresses, store hours, and visit-us signals."
Keyless2Go,keyless2go.com,No,0,$0,"Website scanned (signal score: 7). No confirmed owned physical retail location found after checking homepage + location/contact/about pages for addresses, store hours, and visit-us signals."
K-Sense,k-sense.shop,No,0,$0,"Website scanned (signal score: 4). No confirmed owned physical retail location found after checking homepage + location/contact/about pages for addresses, store hours, and visit-us signals."
Sports Officiating Supplies,sportsofficiatingsupplies.com,No,0,$0,"Website scanned (signal score: 7). No confirmed owned physical retail location found after checking homepage + location/contact/about pages for addresses, store hours, and visit-us signals."
BoutiqueLL,boutiquelbismarck.com,No,0,$0,"Website scanned (signal score: 10). No confirmed owned physical retail location found after checking homepage + location/contact/about pages for addresses, store hours, and visit-us signals."
Hadley Olivia Mattress Superstore,www.hadleyolivia.com,No,0,$0,"Website scanned (signal score: 19). No confirmed owned physical retail location found after checking homepage + location/contact/about pages for addresses, store hours, and visit-us signals."
"PrintandSwag Powered by Impressions In Print, Inc",printandswag.com,No,0,$0,"Website scanned (signal score: 7). No confirmed owned physical retail location found after checking homepage + location/contact/about pages for addresses, store hours, and visit-us signals."
the sclpt co,thesclptco.com,No,0,$0,"Website scanned (signal score: 7). No confirmed owned physical retail location found after checking homepage + location/contact/about pages for addresses, store hours, and visit-us signals."
EIGHT,iwear8.com,No,0,$0,"Website scanned (signal score: 7). No confirmed owned physical retail location found after checking homepage + location/contact/about pages for addresses, store hours, and visit-us signals."
Art & SoulWorks,art-soulworks.com,No,0,$0,"Website scanned (signal score: 17). No confirmed owned physical retail location found after checking homepage + location/contact/about pages for addresses, store hours, and visit-us signals."
Nossos Brazileirinhos,www.nossosbrazileirinhos.com,No,0,$0,"Website scanned (signal score: 4). No confirmed owned physical retail location found after checking homepage + location/contact/about pages for addresses, store hours, and visit-us signals."
Elly and Grace Wholesale,wholesale.ellyandgrace.com,No,0,$0,EXCLUDED: Wholesale/B2B/Distributor only.
Mudology,mudology.com,No,0,$0,"Website scanned (signal score: 10). No confirmed owned physical retail location found after checking homepage + location/contact/about pages for addresses, store hours, and visit-us signals."
ToothScience,www.toothscience.com,No,0,$0,"Website scanned (signal score: 4). No confirmed owned physical retail location found after checking homepage + location/contact/about pages for addresses, store hours, and visit-us signals."
That's it. Wholesale,wholesale.thatsitfruit.com,No,0,$0,EXCLUDED: Wholesale/B2B/Distributor only.
Bob's Fight Shop,bobsfightshop.com,No,0,$0,"Website scanned (signal score: 7). No confirmed owned physical retail location found after checking homepage + location/contact/about pages for addresses, store hours, and visit-us signals."
Home + Home,homeplushome.com,No,0,$0,"Website scanned (signal score: 12). No confirmed owned physical retail location found after checking homepage + location/contact/about pages for addresses, store hours, and visit-us signals."
Step 'N Style,www.snsnola.com,No,0,$0,"Website scanned (signal score: 12). No confirmed owned physical retail location found after checking homepage + location/contact/about pages for addresses, store hours, and visit-us signals."
Modern Rebel Boutique,modernrebelboutique.com,No,0,$0,"Website scanned (signal score: 7). No confirmed owned physical retail location found after checking homepage + location/contact/about pages for addresses, store hours, and visit-us signals."
Oxa Leather,oxaleather.com,No,0,$0,"Website scanned (signal score: 9). No confirmed owned physical retail location found after checking homepage + location/contact/about pages for addresses, store hours, and visit-us signals."
Food Huggers Wholesale,food-huggers-wholesale.myshopify.com,No,0,$0,EXCLUDED: Wholesale/B2B/Distributor only.
The Perfume Club,perfumeclub.com,No,0,$0,"Website scanned (signal score: 10). No confirmed owned physical retail location found after checking homepage + location/contact/about pages for addresses, store hours, and visit-us signals."
JAY BONADIO,jaybonadio.com,No,0,$0,"Website scanned (signal score: 10). No confirmed owned physical retail location found after checking homepage + location/contact/about pages for addresses, store hours, and visit-us signals."
NOVA VITA (Customers store),solutions4.myshopify.com,No,0,$0,"Website scanned (signal score: 7). No confirmed owned physical retail location found after checking homepage + location/contact/about pages for addresses, store hours, and visit-us signals."
PrideBooth,pridebooth.com,No,0,$0,"Website scanned (signal score: 7). No confirmed owned physical retail location found after checking homepage + location/contact/about pages for addresses, store hours, and visit-us signals."
Little Unicorn B2B Canada,canadawholesale.littleunicorn.com,No,0,$0,EXCLUDED: Wholesale/B2B/Distributor only.
MattressGrove,mattressgrove.com,No,0,$0,"Website scanned (signal score: 13). No confirmed owned physical retail location found after checking homepage + location/contact/about pages for addresses, store hours, and visit-us signals."
Melie Bianco Wholesale,www.meliebiancowholesale.com,No,0,$0,EXCLUDED: Wholesale/B2B/Distributor only.
TANFUL by Heidi,tanfulbyheidi.com,No,0,$0,"Website scanned (signal score: 4). No confirmed owned physical retail location found after checking homepage + location/contact/about pages for addresses, store hours, and visit-us signals."
Clampett Studio,clampettstudio.com,No,0,$0,"Website scanned (signal score: 10). No confirmed owned physical retail location found after checking homepage + location/contact/about pages for addresses, store hours, and visit-us signals."
ÖSNO,osno.ca,No,0,$0,"Website scanned (signal score: 4). No confirmed owned physical retail location found after checking homepage + location/contact/about pages for addresses, store hours, and visit-us signals."
MORPHIT SEA MOSS,morphitseamoss.com,No,0,$0,"Website scanned (signal score: 7). No confirmed owned physical retail location found after checking homepage + location/contact/about pages for addresses, store hours, and visit-us signals."
WILE,wilescents.com,No,0,$0,"Website scanned (signal score: 7). No confirmed owned physical retail location found after checking homepage + location/contact/about pages for addresses, store hours, and visit-us signals."
Relaxation Tea,relaxationtea.com,No,0,$0,"Website scanned (signal score: 12). No confirmed owned physical retail location found after checking homepage + location/contact/about pages for addresses, store hours, and visit-us signals."
Thrift D Vintage Clothing,www.thriftdvintageclothing.com,No,0,$0,"Website scanned (signal score: 7). No confirmed owned physical retail location found after checking homepage + location/contact/about pages for addresses, store hours, and visit-us signals."
CNT Racing,www.cntracing.com,No,0,$0,"Website scanned (signal score: 14). No confirmed owned physical retail location found after checking homepage + location/contact/about pages for addresses, store hours, and visit-us signals."
jaltest diagnostic tools,dieseltruckdiagnostictools.au,No,0,$0,"Website scanned (signal score: 4). No confirmed owned physical retail location found after checking homepage + location/contact/about pages for addresses, store hours, and visit-us signals."
Buck Wild Bohemian,buckwildbohemian.com,No,0,$0,"Website scanned (signal score: 7). No confirmed owned physical retail location found after checking homepage + location/contact/about pages for addresses, store hours, and visit-us signals."
Effortless Beauté,effortless-beaute-toronto.myshopify.com,No,0,$0,"Website scanned (signal score: 7). No confirmed owned physical retail location found after checking homepage + location/contact/about pages for addresses, store hours, and visit-us signals."
Simply Torn Boutique,simplytorn.shop,No,0,$0,"Website scanned (signal score: 0). No confirmed owned physical retail location found after checking homepage + location/contact/about pages for addresses, store hours, and visit-us signals."
July Body,julybody.com,No,0,$0,"Website scanned (signal score: 7). No confirmed owned physical retail location found after checking homepage + location/contact/about pages for addresses, store hours, and visit-us signals."
Spice Range,spicerange.com,No,0,$0,"Website scanned (signal score: -3). No confirmed owned physical retail location found after checking homepage + location/contact/about pages for addresses, store hours, and visit-us signals."
Big Bear Lifting,bigbearlifting.com.au,No,0,$0,"Website scanned (signal score: 7). No confirmed owned physical retail location found after checking homepage + location/contact/about pages for addresses, store hours, and visit-us signals."
Jack & Becky,jackandbeckycloseouts.com,No,0,$0,"Website scanned (signal score: 4). No confirmed owned physical retail location found after checking homepage + location/contact/about pages for addresses, store hours, and visit-us signals."
GooseWaddle® Wholesale,goosewaddlewholesale.com,No,0,$0,EXCLUDED: Wholesale/B2B/Distributor only.
Unna Bakery,unnabakery.com,No,0,$0,"Website scanned (signal score: 16). No confirmed owned physical retail location found after checking homepage + location/contact/about pages for addresses, store hours, and visit-us signals."
Tap N Roll Singles,tapnrollsingles.com,No,0,$0,"Website scanned (signal score: 10). No confirmed owned physical retail location found after checking homepage + location/contact/about pages for addresses, store hours, and visit-us signals."
Apple Rose Beauty,www.applerosebeauty.com,No,0,$0,"Website scanned (signal score: -3). No confirmed owned physical retail location found after checking homepage + location/contact/about pages for addresses, store hours, and visit-us signals."
Matt Naughtin,matt-naughtin.myshopify.com,No,0,$0,"Website scanned (signal score: 7). No confirmed owned physical retail location found after checking homepage + location/contact/about pages for addresses, store hours, and visit-us signals."
BusyBdy,busybdy.com,No,0,$0,"Website scanned (signal score: 10). No confirmed owned physical retail location found after checking homepage + location/contact/about pages for addresses, store hours, and visit-us signals."
East West Machines,eastwestmachines.com,No,0,$0,"Website scanned (signal score: 7). No confirmed owned physical retail location found after checking homepage + location/contact/about pages for addresses, store hours, and visit-us signals."
Indigo Club,indigoclub.us,No,0,$0,"Website scanned (signal score: 7). No confirmed owned physical retail location found after checking homepage + location/contact/about pages for addresses, store hours, and visit-us signals."
hypesub,hypesub.com,No,0,$0,"Website scanned (signal score: 4). No confirmed owned physical retail location found after checking homepage + location/contact/about pages for addresses, store hours, and visit-us signals."
White Earth Enterprises - Business Products,white-earth-enterprises-business-products.myshopify.com,No,0,$0,"Website scanned (signal score: 4). No confirmed owned physical retail location found after checking homepage + location/contact/about pages for addresses, store hours, and visit-us signals."
Wristband Giant Canada,www.wristbandgiant.ca,No,0,$0,"Website scanned (signal score: 10). No confirmed owned physical retail location found after checking homepage + location/contact/about pages for addresses, store hours, and visit-us signals."
Amara Avenue,www.amaraavenue.com,No,0,$0,"Website scanned (signal score: 13). No confirmed owned physical retail location found after checking homepage + location/contact/about pages for addresses, store hours, and visit-us signals."
Kafuné hair (Growing Upscale Hair LLC),kafunehair.com,No,0,$0,"Website scanned (signal score: 10). No confirmed owned physical retail location found after checking homepage + location/contact/about pages for addresses, store hours, and visit-us signals."
FloorPlay Socks,floorplaysocks.com,No,0,$0,"Website scanned (signal score: 17). No confirmed owned physical retail location found after checking homepage + location/contact/about pages for addresses, store hours, and visit-us signals."
Lansinoh IE,www.lansinoh.ie,No,0,$0,"Website scanned (signal score: 4). No confirmed owned physical retail location found after checking homepage + location/contact/about pages for addresses, store hours, and visit-us signals."
Log Cabin Vintage,www.logcabinvintage.com,No,0,$0,"Website scanned (signal score: 4). No confirmed owned physical retail location found after checking homepage + location/contact/about pages for addresses, store hours, and visit-us signals."
Lit Láb Co.,litlab.us,No,0,$0,"Website scanned (signal score: 13). No confirmed owned physical retail location found after checking homepage + location/contact/about pages for addresses, store hours, and visit-us signals."
Clemson Tiger Traditions,tigertraditions.com,No,0,$0,"Website scanned (signal score: 10). No confirmed owned physical retail location found after checking homepage + location/contact/about pages for addresses, store hours, and visit-us signals."
Bootitude,www.bootitude.net,No,0,$0,"Website scanned (signal score: 11). No confirmed owned physical retail location found after checking homepage + location/contact/about pages for addresses, store hours, and visit-us signals."
Olive & Pique,oliveandpique.com,No,0,$0,"Website scanned (signal score: 7). No confirmed owned physical retail location found after checking homepage + location/contact/about pages for addresses, store hours, and visit-us signals."
Polish Pottery Pantry,polishpotterypantry.com,No,0,$0,"Website scanned (signal score: 7). No confirmed owned physical retail location found after checking homepage + location/contact/about pages for addresses, store hours, and visit-us signals."
Rock Deco Diamonds and Gemstones,rockdeco.com,No,0,$0,"Website scanned (signal score: 7). No confirmed owned physical retail location found after checking homepage + location/contact/about pages for addresses, store hours, and visit-us signals."
official-adamo,www.adamoco.com.au,No,0,$0,"Website scanned (signal score: 7). No confirmed owned physical retail location found after checking homepage + location/contact/about pages for addresses, store hours, and visit-us signals."
Fort Worth Streets Boutique,fortworthstreetsboutique.com,No,0,$0,"Website scanned (signal score: 10). No confirmed owned physical retail location found after checking homepage + location/contact/about pages for addresses, store hours, and visit-us signals."
Arte Corazon,artecorazon.com,No,0,$0,"Website scanned (signal score: 12). No confirmed owned physical retail location found after checking homepage + location/contact/about pages for addresses, store hours, and visit-us signals."
Wishlist Shop,www.wishlistshop.com,No,0,$0,"Website scanned (signal score: 7). No confirmed owned physical retail location found after checking homepage + location/contact/about pages for addresses, store hours, and visit-us signals."
ReVibe Gear // Rocksylvania LLC,revibegear.com,No,0,$0,"Website scanned (signal score: 20). No confirmed owned physical retail location found after checking homepage + location/contact/about pages for addresses, store hours, and visit-us signals."
The Haf-Clip,thehafclip.com,No,0,$0,"Website scanned (signal score: 7). No confirmed owned physical retail location found after checking homepage + location/contact/about pages for addresses, store hours, and visit-us signals."
zimfit,zimfitmums.com,No,0,$0,"Website scanned (signal score: 7). No confirmed owned physical retail location found after checking homepage + location/contact/about pages for addresses, store hours, and visit-us signals."
NovaTropes,www.novatropes.com,No,0,$0,"Website scanned (signal score: 7). No confirmed owned physical retail location found after checking homepage + location/contact/about pages for addresses, store hours, and visit-us signals."
Stoke,www.stokestove.com,No,0,$0,"Website scanned (signal score: 7). No confirmed owned physical retail location found after checking homepage + location/contact/about pages for addresses, store hours, and visit-us signals."
Botanic Bronze,botanic-bronze.com,No,0,$0,"Website scanned (signal score: 7). No confirmed owned physical retail location found after checking homepage + location/contact/about pages for addresses, store hours, and visit-us signals."
TRVRS Creative,www.trvrsoutdoors.com,No,0,$0,"Website scanned (signal score: 7). No confirmed owned physical retail location found after checking homepage + location/contact/about pages for addresses, store hours, and visit-us signals."
Sweet Valley Tees,sweetvalleytees.com,No,0,$0,"Website scanned (signal score: 10). No confirmed owned physical retail location found after checking homepage + location/contact/about pages for addresses, store hours, and visit-us signals."
Galaxy Natural & Artificial Professional Flavours,galaxyflavours.com,No,0,$0,"Website scanned (signal score: 10). No confirmed owned physical retail location found after checking homepage + location/contact/about pages for addresses, store hours, and visit-us signals."
Confidence By Char,confidencebychar.com,No,0,$0,"Website scanned (signal score: 13). No confirmed owned physical retail location found after checking homepage + location/contact/about pages for addresses, store hours, and visit-us signals."
Closet From Hell,closetfromhell.com,No,0,$0,"Website scanned (signal score: 7). No confirmed owned physical retail location found after checking homepage + location/contact/about pages for addresses, store hours, and visit-us signals."
Galleri™,galleri.shop,No,0,$0,"Website scanned (signal score: 4). No confirmed owned physical retail location found after checking homepage + location/contact/about pages for addresses, store hours, and visit-us signals."
Yoni Crystals,yonicrystals.love,No,0,$0,"Website scanned (signal score: 8). No confirmed owned physical retail location found after checking homepage + location/contact/about pages for addresses, store hours, and visit-us signals."
Shimmerz Paints,www.shimmerzpaints.com,No,0,$0,"Website scanned (signal score: 15). No confirmed owned physical retail location found after checking homepage + location/contact/about pages for addresses, store hours, and visit-us signals."
$8 Jewelry with Janet Morgan,www.tmstbling.com,No,0,$0,"Website scanned (signal score: 7). No confirmed owned physical retail location found after checking homepage + location/contact/about pages for addresses, store hours, and visit-us signals."
Boutique Sisi,www.boutiquesisi.com,No,0,$0,"Website scanned (signal score: 16). No confirmed owned physical retail location found after checking homepage + location/contact/about pages for addresses, store hours, and visit-us signals."
SERT,sert-us.myshopify.com,No,0,$0,"Website scanned (signal score: 16). No confirmed owned physical retail location found after checking homepage + location/contact/about pages for addresses, store hours, and visit-us signals."
Angus Martin Art,www.angusmartinart.com,No,0,$0,"Website scanned (signal score: 7). No confirmed owned physical retail location found after checking homepage + location/contact/about pages for addresses, store hours, and visit-us signals."
Fatty Pancake,fattypancake.com,No,0,$0,"Website scanned (signal score: 7). No confirmed owned physical retail location found after checking homepage + location/contact/about pages for addresses, store hours, and visit-us signals."
Laminates and Things,laminatesandthings.com,No,0,$0,"Website scanned (signal score: 7). No confirmed owned physical retail location found after checking homepage + location/contact/about pages for addresses, store hours, and visit-us signals."
Prospect Coffee Roasters,www.prospectcoffee.com,No,0,$0,"Website scanned (signal score: 15). No confirmed owned physical retail location found after checking homepage + location/contact/about pages for addresses, store hours, and visit-us signals."
The Rose Spa Of Lake Mary,shoptheroselakemary.com,No,0,$0,"Website scanned (signal score: 7). No confirmed owned physical retail location found after checking homepage + location/contact/about pages for addresses, store hours, and visit-us signals."
Elephant Floors,elephantfloors.shop,No,0,$0,"Website scanned (signal score: 19). No confirmed owned physical retail location found after checking homepage + location/contact/about pages for addresses, store hours, and visit-us signals."
SudsLab,www.suds-lab.com,No,0,$0,"Website scanned (signal score: 7). No confirmed owned physical retail location found after checking homepage + location/contact/about pages for addresses, store hours, and visit-us signals."
Bucker Creek Ranch LLC,www.buckercreekranch.com,No,0,$0,"Website scanned (signal score: 9). No confirmed owned physical retail location found after checking homepage + location/contact/about pages for addresses, store hours, and visit-us signals."
ZIPCovers,zipcovers.com,No,0,$0,"Website scanned (signal score: 10). No confirmed owned physical retail location found after checking homepage + location/contact/about pages for addresses, store hours, and visit-us signals."
Little Loves Organics,shoplittlelovesorganics.com,No,0,$0,"Website scanned (signal score: 7). No confirmed owned physical retail location found after checking homepage + location/contact/about pages for addresses, store hours, and visit-us signals."
OnAdditive,onadditive.com,No,0,$0,"Website scanned (signal score: 11). No confirmed owned physical retail location found after checking homepage + location/contact/about pages for addresses, store hours, and visit-us signals."
Dana LeBlanc Designs,www.danaleblanc.com,No,0,$0,"Website scanned (signal score: 7). No confirmed owned physical retail location found after checking homepage + location/contact/about pages for addresses, store hours, and visit-us signals."
"Elitech Technology, Inc.",www.ca.elitech.shop,No,0,$0,"Website scanned (signal score: 0). No confirmed owned physical retail location found after checking homepage + location/contact/about pages for addresses, store hours, and visit-us signals."
"Zhiiva Skincare, Inc.",zhiiva.com,No,0,$0,"Website scanned (signal score: 7). No confirmed owned physical retail location found after checking homepage + location/contact/about pages for addresses, store hours, and visit-us signals."
PacBak,pacbak.com,No,0,$0,"Website scanned (signal score: 7). No confirmed owned physical retail location found after checking homepage + location/contact/about pages for addresses, store hours, and visit-us signals."
rolfeandwills,www.rolfeandwills.com,No,0,$0,"Website scanned (signal score: 7). No confirmed owned physical retail location found after checking homepage + location/contact/about pages for addresses, store hours, and visit-us signals."
BasuraGang,basuragang.com,No,0,$0,"Website scanned (signal score: 7). No confirmed owned physical retail location found after checking homepage + location/contact/about pages for addresses, store hours, and visit-us signals."
thewatchmakersshop,www.thewatchmakersshop.com,No,0,$0,"Website scanned (signal score: 22). No confirmed owned physical retail location found after checking homepage + location/contact/about pages for addresses, store hours, and visit-us signals."
wondermachines-europe,global.wondermachines.com,No,0,$0,"Website scanned (signal score: 12). No confirmed owned physical retail location found after checking homepage + location/contact/about pages for addresses, store hours, and visit-us signals."
GOLDEN EARS SPECIALTY STORE,www.goldenearsspecialtystore.com,No,0,$0,"Website scanned (signal score: 15). No confirmed owned physical retail location found after checking homepage + location/contact/about pages for addresses, store hours, and visit-us signals."
XO Resource Center,resources.xopublish.com,No,0,$0,"Website scanned (signal score: 10). No confirmed owned physical retail location found after checking homepage + location/contact/about pages for addresses, store hours, and visit-us signals."
sheet-music-now-dealer,dealer.sheetmusicnow.com,No,0,$0,"Website scanned (signal score: 4). No confirmed owned physical retail location found after checking homepage + location/contact/about pages for addresses, store hours, and visit-us signals."
Noah Supply,www.noahsupply.com,No,0,$0,"Website scanned (signal score: 7). No confirmed owned physical retail location found after checking homepage + location/contact/about pages for addresses, store hours, and visit-us signals."
Little Rabbit Sign Co.,littlerabbitsignco.com,No,0,$0,"Website scanned (signal score: 7). No confirmed owned physical retail location found after checking homepage + location/contact/about pages for addresses, store hours, and visit-us signals."
Camp Rockmont Events,camp-rockmont-events.myshopify.com,No,0,$0,"Website scanned (signal score: 7). No confirmed owned physical retail location found after checking homepage + location/contact/about pages for addresses, store hours, and visit-us signals."
Dog Rescue Coffee Company,dogrescuecoffeecompany.com,No,0,$0,"Website scanned (signal score: 12). No confirmed owned physical retail location found after checking homepage + location/contact/about pages for addresses, store hours, and visit-us signals."
Cursed Camp Studios,cursedcampstudios-store.com,No,0,$0,"Website scanned (signal score: 10). No confirmed owned physical retail location found after checking homepage + location/contact/about pages for addresses, store hours, and visit-us signals."
Allison Craft Designs,www.allisoncraftdesigns.com,No,0,$0,"Website scanned (signal score: 14). No confirmed owned physical retail location found after checking homepage + location/contact/about pages for addresses, store hours, and visit-us signals."
Food Huggers Distributors,food-huggers-distributors.myshopify.com,No,0,$0,EXCLUDED: Wholesale/B2B/Distributor only.
Fur Accents,furaccents.com,No,0,$0,"Website scanned (signal score: 16). No confirmed owned physical retail location found after checking homepage + location/contact/about pages for addresses, store hours, and visit-us signals."
Excitement Smokin PA,iloveexcitementsmokin.com,No,0,$0,"Website scanned (signal score: 24). No confirmed owned physical retail location found after checking homepage + location/contact/about pages for addresses, store hours, and visit-us signals."
Anima Mea,shopanimamea.com,No,0,$0,"Website scanned (signal score: 7). No confirmed owned physical retail location found after checking homepage + location/contact/about pages for addresses, store hours, and visit-us signals."
💙 Emmy’s Beads 💛,shopemmysbeads.com,No,0,$0,"Website scanned (signal score: 7). No confirmed owned physical retail location found after checking homepage + location/contact/about pages for addresses, store hours, and visit-us signals."
TOSCA STYLE,toscastyle.com,No,0,$0,"Website scanned (signal score: 7). No confirmed owned physical retail location found after checking homepage + location/contact/about pages for addresses, store hours, and visit-us signals."
Peninsula Prints,peninsula-prints.com,No,0,$0,"Website scanned (signal score: 13). No confirmed owned physical retail location found after checking homepage + location/contact/about pages for addresses, store hours, and visit-us signals."
The Lolo Baby,www.thelolobaby.com,No,0,$0,"Website scanned (signal score: 7). No confirmed owned physical retail location found after checking homepage + location/contact/about pages for addresses, store hours, and visit-us signals."
Happy Bohemians,happybohemians.com,No,0,$0,"Website scanned (signal score: 10). No confirmed owned physical retail location found after checking homepage + location/contact/about pages for addresses, store hours, and visit-us signals."
Sticks and Scones Cakes,sticksandsconescakes.com,No,0,$0,"Website scanned (signal score: 13). No confirmed owned physical retail location found after checking homepage + location/contact/about pages for addresses, store hours, and visit-us signals."
HONEY PINK,honeypink.com,No,0,$0,"Website scanned (signal score: 19). No confirmed owned physical retail location found after checking homepage + location/contact/about pages for addresses, store hours, and visit-us signals."
Litquidity,litquidity-capital.myshopify.com,No,0,$0,"Website scanned (signal score: 4). No confirmed owned physical retail location found after checking homepage + location/contact/about pages for addresses, store hours, and visit-us signals."
Dream Team,dreamteam.shop,No,0,$0,"Website scanned (signal score: 4). No confirmed owned physical retail location found after checking homepage + location/contact/about pages for addresses, store hours, and visit-us signals."
Terratorium,www.terratoriumwines.com,No,0,$0,"Website scanned (signal score: 4). No confirmed owned physical retail location found after checking homepage + location/contact/about pages for addresses, store hours, and visit-us signals."
Darci,darcistore.shop,No,0,$0,"Website scanned (signal score: 7). No confirmed owned physical retail location found after checking homepage + location/contact/about pages for addresses, store hours, and visit-us signals."
Glowstone.com,www.glowstone.com,No,0,$0,"Website scanned (signal score: 7). No confirmed owned physical retail location found after checking homepage + location/contact/about pages for addresses, store hours, and visit-us signals."
CarMD,carmd.com,No,0,$0,"Website scanned (signal score: 12). No confirmed owned physical retail location found after checking homepage + location/contact/about pages for addresses, store hours, and visit-us signals."
Mackinac Memories,mackinacislandmemories.com,No,0,$0,"Website scanned (signal score: 22). No confirmed owned physical retail location found after checking homepage + location/contact/about pages for addresses, store hours, and visit-us signals."
LaceAnchors®,laceanchors.com,No,0,$0,"Website scanned (signal score: 7). No confirmed owned physical retail location found after checking homepage + location/contact/about pages for addresses, store hours, and visit-us signals."
Coast Spas Lethbridge,coastspaslethbridge.com,No,0,$0,"Website scanned (signal score: 7). No confirmed owned physical retail location found after checking homepage + location/contact/about pages for addresses, store hours, and visit-us signals."
NTOA,shopntoa.org,No,0,$0,"Website scanned (signal score: 7). No confirmed owned physical retail location found after checking homepage + location/contact/about pages for addresses, store hours, and visit-us signals."
Make Your House A Home,makeyourhouseahomewhitchurch.com,No,0,$0,"Website scanned (signal score: 13). No confirmed owned physical retail location found after checking homepage + location/contact/about pages for addresses, store hours, and visit-us signals."
OJOS PUERTO RICO CLINICA,ojos-puerto-rico-clinica.myshopify.com,No,0,$0,"Website scanned (signal score: 7). No confirmed owned physical retail location found after checking homepage + location/contact/about pages for addresses, store hours, and visit-us signals."
Sew Southern Designs,www.sewsoutherndesigns.shop,No,0,$0,"Website scanned (signal score: 10). No confirmed owned physical retail location found after checking homepage + location/contact/about pages for addresses, store hours, and visit-us signals."
Watermelon Pictures,shop.watermelonpictures.com,No,0,$0,"Website scanned (signal score: 7). No confirmed owned physical retail location found after checking homepage + location/contact/about pages for addresses, store hours, and visit-us signals."
"Elisabeth Weinstock Exotic Snakeskin Fashion, Home Decor and Art Accessories",www.elisabethweinstock.com,No,0,$0,"Website scanned (signal score: 13). No confirmed owned physical retail location found after checking homepage + location/contact/about pages for addresses, store hours, and visit-us signals."
Tender Loving Coffee,www.tenderlovingcoffee.com,No,0,$0,"Website scanned (signal score: 10). No confirmed owned physical retail location found after checking homepage + location/contact/about pages for addresses, store hours, and visit-us signals."
CrazeAbout,crazeabout.com,No,0,$0,"Website scanned (signal score: 7). No confirmed owned physical retail location found after checking homepage + location/contact/about pages for addresses, store hours, and visit-us signals."
"Kelli's Gift Baskets, LLC",gottagetabasket.com,No,0,$0,"Website scanned (signal score: 10). No confirmed owned physical retail location found after checking homepage + location/contact/about pages for addresses, store hours, and visit-us signals."
The Bair Foundation Store,bairswagstore.com,No,0,$0,"Website scanned (signal score: 7). No confirmed owned physical retail location found after checking homepage + location/contact/about pages for addresses, store hours, and visit-us signals."
ChallahOnline.com,challahonline.com,No,0,$0,"Website scanned (signal score: 10). No confirmed owned physical retail location found after checking homepage + location/contact/about pages for addresses, store hours, and visit-us signals."
Modern Textiles,modern-textiles.com,No,0,$0,"Website scanned (signal score: 13). No confirmed owned physical retail location found after checking homepage + location/contact/about pages for addresses, store hours, and visit-us signals."
Bavarian Auto Parts LLC,bavautoparts.com,No,0,$0,"Website scanned (signal score: 13). No confirmed owned physical retail location found after checking homepage + location/contact/about pages for addresses, store hours, and visit-us signals."
Piedmont Hemp Co,piedmonthempco.com,No,0,$0,"Website scanned (signal score: 16). No confirmed owned physical retail location found after checking homepage + location/contact/about pages for addresses, store hours, and visit-us signals."
las.rais,lasrais.com.au,No,0,$0,"Website scanned (signal score: 7). No confirmed owned physical retail location found after checking homepage + location/contact/about pages for addresses, store hours, and visit-us signals."
TarotMerchant,tarotmerchant.com,No,0,$0,"Website scanned (signal score: 7). No confirmed owned physical retail location found after checking homepage + location/contact/about pages for addresses, store hours, and visit-us signals."
Dor Raw Luxury,dor.design,No,0,$0,"Website scanned (signal score: 4). No confirmed owned physical retail location found after checking homepage + location/contact/about pages for addresses, store hours, and visit-us signals."
Imagine Team Store,imagineteamstore.myshopify.com,No,0,$0,"Website scanned (signal score: 7). No confirmed owned physical retail location found after checking homepage + location/contact/about pages for addresses, store hours, and visit-us signals."
Grace of Spades Boutique,www.graceofspadesboutique.com,No,0,$0,"Website scanned (signal score: 4). No confirmed owned physical retail location found after checking homepage + location/contact/about pages for addresses, store hours, and visit-us signals."
"American Home Express Outlet (San Antonio, TX)",americanhomeexpress.com,No,0,$0,"Website scanned (signal score: 24). No confirmed owned physical retail location found after checking homepage + location/contact/about pages for addresses, store hours, and visit-us signals."
Method Tattoo System,methodtattoosystem.com,No,0,$0,"Website scanned (signal score: 7). No confirmed owned physical retail location found after checking homepage + location/contact/about pages for addresses, store hours, and visit-us signals."
Gorgon Video,gorgon-video.com,No,0,$0,"Website scanned (signal score: 4). No confirmed owned physical retail location found after checking homepage + location/contact/about pages for addresses, store hours, and visit-us signals."
Slate Valley Cycles LLC,tanglefootcycleswholesale.myshopify.com,No,0,$0,"Website scanned (signal score: 0). No confirmed owned physical retail location found after checking homepage + location/contact/about pages for addresses, store hours, and visit-us signals."
Benson Threads,benson-threads.com,No,0,$0,"Website scanned (signal score: 7). No confirmed owned physical retail location found after checking homepage + location/contact/about pages for addresses, store hours, and visit-us signals."
Shop Queen Warriors,shopqueenwarriors.com,No,0,$0,"Website scanned (signal score: 9). No confirmed owned physical retail location found after checking homepage + location/contact/about pages for addresses, store hours, and visit-us signals."
NAMI Ringette,nami.ca,No,0,$0,"Website scanned (signal score: 7). No confirmed owned physical retail location found after checking homepage + location/contact/about pages for addresses, store hours, and visit-us signals."
HillBilly Chic & The Chic Shack,shopchictx.com,No,0,$0,"Website scanned (signal score: 19). No confirmed owned physical retail location found after checking homepage + location/contact/about pages for addresses, store hours, and visit-us signals."
Blingschlingers Jewelry,www.blingschlingers.com,No,0,$0,"Website scanned (signal score: 13). No confirmed owned physical retail location found after checking homepage + location/contact/about pages for addresses, store hours, and visit-us signals."
Wander Disc Golf,wanderdiscgolf.com,No,0,$0,"Website scanned (signal score: 7). No confirmed owned physical retail location found after checking homepage + location/contact/about pages for addresses, store hours, and visit-us signals."
North Dakota Awesome,northdakotaawesome.com,No,0,$0,"Website scanned (signal score: 7). No confirmed owned physical retail location found after checking homepage + location/contact/about pages for addresses, store hours, and visit-us signals."
"Bulldog Pepper Jelly, LLC",bulldogpepperjelly.com,No,0,$0,"Website scanned (signal score: 10). No confirmed owned physical retail location found after checking homepage + location/contact/about pages for addresses, store hours, and visit-us signals."
I.Reiss,ireiss.com,No,0,$0,"Website scanned (signal score: 10). No confirmed owned physical retail location found after checking homepage + location/contact/about pages for addresses, store hours, and visit-us signals."
Gear Hugger,www.gear-hugger.com,No,0,$0,"Website scanned (signal score: 13). No confirmed owned physical retail location found after checking homepage + location/contact/about pages for addresses, store hours, and visit-us signals."
Barnabas Clothing Co.,barnabasclothing.com,No,0,$0,"Website scanned (signal score: 4). No confirmed owned physical retail location found after checking homepage + location/contact/about pages for addresses, store hours, and visit-us signals."
☠️ Noir Leather ☠️,noirleather.com,No,0,$0,"Website scanned (signal score: 16). No confirmed owned physical retail location found after checking homepage + location/contact/about pages for addresses, store hours, and visit-us signals."
Shapers Image,www.shapersimage.com,No,0,$0,"Website scanned (signal score: 7). No confirmed owned physical retail location found after checking homepage + location/contact/about pages for addresses, store hours, and visit-us signals."
Peachy,peachystudio.com,No,0,$0,"Website scanned (signal score: 13). No confirmed owned physical retail location found after checking homepage + location/contact/about pages for addresses, store hours, and visit-us signals."
Signature Hair,signaturehair.ie,No,0,$0,"Website scanned (signal score: 19). No confirmed owned physical retail location found after checking homepage + location/contact/about pages for addresses, store hours, and visit-us signals."
ellie bee's,www.elliebees.com,No,0,$0,"Website scanned (signal score: 24). No confirmed owned physical retail location found after checking homepage + location/contact/about pages for addresses, store hours, and visit-us signals."
MyNeedleCrafts,myneedlecrafts.com,No,0,$0,"Website scanned (signal score: 7). No confirmed owned physical retail location found after checking homepage + location/contact/about pages for addresses, store hours, and visit-us signals."
GLAZE-ISH,glaze-ish.com,No,0,$0,"Website scanned (signal score: 16). No confirmed owned physical retail location found after checking homepage + location/contact/about pages for addresses, store hours, and visit-us signals."
Frawleys Variety,frawleysvarietystore.com,No,0,$0,"Website scanned (signal score: 14). No confirmed owned physical retail location found after checking homepage + location/contact/about pages for addresses, store hours, and visit-us signals."
JoLoSwag,joloswag.com,No,0,$0,"Website scanned (signal score: 7). No confirmed owned physical retail location found after checking homepage + location/contact/about pages for addresses, store hours, and visit-us signals."
Iselas Craft Shop,www.iselascraftshop.com,No,0,$0,"Website scanned (signal score: 16). No confirmed owned physical retail location found after checking homepage + location/contact/about pages for addresses, store hours, and visit-us signals."
Copper Bottom Brewing,www.copperbottombrewing.com,No,0,$0,"Website scanned (signal score: 23). No confirmed owned physical retail location found after checking homepage + location/contact/about pages for addresses, store hours, and visit-us signals."
Jewelzofny,jewelzofny.com,No,0,$0,"Website scanned (signal score: 10). No confirmed owned physical retail location found after checking homepage + location/contact/about pages for addresses, store hours, and visit-us signals."
Sparklane,thesparklane.com,No,0,$0,"Website scanned (signal score: 0). No confirmed owned physical retail location found after checking homepage + location/contact/about pages for addresses, store hours, and visit-us signals."
Apex Predator Outfitters,apexpredatoroutfitters.com,No,0,$0,"Website scanned (signal score: 4). No confirmed owned physical retail location found after checking homepage + location/contact/about pages for addresses, store hours, and visit-us signals."
Tronox Workwear Direct,tronox.workweardirect.online,No,0,$0,"Website scanned (signal score: 4). No confirmed owned physical retail location found after checking homepage + location/contact/about pages for addresses, store hours, and visit-us signals."
Tricky Fish Life,trickyfishlife.com,No,0,$0,"Website scanned (signal score: 7). No confirmed owned physical retail location found after checking homepage + location/contact/about pages for addresses, store hours, and visit-us signals."
AudioRPG,audiorpg.net,No,0,$0,"Website scanned (signal score: 12). No confirmed owned physical retail location found after checking homepage + location/contact/about pages for addresses, store hours, and visit-us signals."
BATL | Axe Throwing,batlgrounds-com-online-store.myshopify.com,No,0,$0,"Website scanned (signal score: 7). No confirmed owned physical retail location found after checking homepage + location/contact/about pages for addresses, store hours, and visit-us signals."
RefQuestGear.com,refquestgear.com,No,0,$0,"Website scanned (signal score: 7). No confirmed owned physical retail location found after checking homepage + location/contact/about pages for addresses, store hours, and visit-us signals."
Jennifer G Creations,jennifer-g-creations.myshopify.com,No,0,$0,"Website scanned (signal score: 7). No confirmed owned physical retail location found after checking homepage + location/contact/about pages for addresses, store hours, and visit-us signals."
RestAngles,www.restangles.com,No,0,$0,"Website scanned (signal score: 7). No confirmed owned physical retail location found after checking homepage + location/contact/about pages for addresses, store hours, and visit-us signals."
IndigoLaine&Co,shopindigolaine.com,No,0,$0,"Website scanned (signal score: 18). No confirmed owned physical retail location found after checking homepage + location/contact/about pages for addresses, store hours, and visit-us signals."
Gary Roe - Caring for Grieving Hearts,groe.myshopify.com,No,0,$0,"Website scanned (signal score: 10). No confirmed owned physical retail location found after checking homepage + location/contact/about pages for addresses, store hours, and visit-us signals."
Leidenheimer,leidenheimer.com,No,0,$0,"Website scanned (signal score: 18). No confirmed owned physical retail location found after checking homepage + location/contact/about pages for addresses, store hours, and visit-us signals."
Goldstruck Coffee Beans Store,shop.goldstruckcoffee.ca,No,0,$0,"Website scanned (signal score: 16). No confirmed owned physical retail location found after checking homepage + location/contact/about pages for addresses, store hours, and visit-us signals."
HONEY + HANK,www.honeyandhank.com,No,0,$0,"Website scanned (signal score: 9). No confirmed owned physical retail location found after checking homepage + location/contact/about pages for addresses, store hours, and visit-us signals."
mmfarms,mmfarmscattleco.com,No,0,$0,"Website scanned (signal score: 14). No confirmed owned physical retail location found after checking homepage + location/contact/about pages for addresses, store hours, and visit-us signals."
shoesbylara,shoesaleshop.com,No,0,$0,"Website scanned (signal score: 10). No confirmed owned physical retail location found after checking homepage + location/contact/about pages for addresses, store hours, and visit-us signals."
McElroy Warehouse-McElroy Parts-McElroy Machines-In Stock,mcelroywarehouse.com,No,0,$0,"Website scanned (signal score: 0). No confirmed owned physical retail location found after checking homepage + location/contact/about pages for addresses, store hours, and visit-us signals."
ConnectWise Owl Outlet,cwowloutlet.com,No,0,$0,"Website scanned (signal score: 7). No confirmed owned physical retail location found after checking homepage + location/contact/about pages for addresses, store hours, and visit-us signals."
Poli Marichal Studio,polimarichal.com,No,0,$0,"Website scanned (signal score: 10). No confirmed owned physical retail location found after checking homepage + location/contact/about pages for addresses, store hours, and visit-us signals."
Elemental Knives AU,au.elementalknives.com,No,0,$0,"Website scanned (signal score: 10). No confirmed owned physical retail location found after checking homepage + location/contact/about pages for addresses, store hours, and visit-us signals."
Tatalashes,tatalashes.com,No,0,$0,"Website scanned (signal score: 13). No confirmed owned physical retail location found after checking homepage + location/contact/about pages for addresses, store hours, and visit-us signals."
Rapid7 Internal Moose Swag,amer-internalmoose-swag.com,No,0,$0,"Website scanned (signal score: 7). No confirmed owned physical retail location found after checking homepage + location/contact/about pages for addresses, store hours, and visit-us signals."
back4more,back4more.com.au,No,0,$0,"Website scanned (signal score: 10). No confirmed owned physical retail location found after checking homepage + location/contact/about pages for addresses, store hours, and visit-us signals."
toffey,toffey.com.au,No,0,$0,"Website scanned (signal score: 7). No confirmed owned physical retail location found after checking homepage + location/contact/about pages for addresses, store hours, and visit-us signals."
Undercover Mama,undercovermama.com,No,0,$0,"Website scanned (signal score: 10). No confirmed owned physical retail location found after checking homepage + location/contact/about pages for addresses, store hours, and visit-us signals."
Argo,theargoshirt.com,No,0,$0,"Website scanned (signal score: 7). No confirmed owned physical retail location found after checking homepage + location/contact/about pages for addresses, store hours, and visit-us signals."
screenmendonline,www.screen-mend.com,No,0,$0,"Website scanned (signal score: 7). No confirmed owned physical retail location found after checking homepage + location/contact/about pages for addresses, store hours, and visit-us signals."
SGH Creative,sghcreative.myshopify.com,No,0,$0,"Website scanned (signal score: 21). No confirmed owned physical retail location found after checking homepage + location/contact/about pages for addresses, store hours, and visit-us signals."
The Adorned,the-adorned.com,No,0,$0,"Website scanned (signal score: 7). No confirmed owned physical retail location found after checking homepage + location/contact/about pages for addresses, store hours, and visit-us signals."
Stuff N' Things By Averie,stuffnthings.shop,No,0,$0,"Website scanned (signal score: 12). No confirmed owned physical retail location found after checking homepage + location/contact/about pages for addresses, store hours, and visit-us signals."
Natural Stacks,natural-stacks-b2b.myshopify.com,No,0,$0,EXCLUDED: Wholesale/B2B/Distributor only.
Magazine Advantage,go.magazineadvantage.com,No,0,$0,"Website scanned (signal score: 0). No confirmed owned physical retail location found after checking homepage + location/contact/about pages for addresses, store hours, and visit-us signals."
Camara Shop,www.camarashop.us,No,0,$0,"Website scanned (signal score: 10). No confirmed owned physical retail location found after checking homepage + location/contact/about pages for addresses, store hours, and visit-us signals."
MAGENTA Retail,www.magenta-inc.com,No,0,$0,"Website scanned (signal score: 4). No confirmed owned physical retail location found after checking homepage + location/contact/about pages for addresses, store hours, and visit-us signals."
Orii Design,oriijewelry.com,No,0,$0,"Website scanned (signal score: 7). No confirmed owned physical retail location found after checking homepage + location/contact/about pages for addresses, store hours, and visit-us signals."
The Wave Canada™,thewavecanada.ca,No,0,$0,"Website scanned (signal score: 7). No confirmed owned physical retail location found after checking homepage + location/contact/about pages for addresses, store hours, and visit-us signals."
Freightliner Shop,shopfccc.com,No,0,$0,"Website scanned (signal score: 4). No confirmed owned physical retail location found after checking homepage + location/contact/about pages for addresses, store hours, and visit-us signals."
Eco-Blast Cleaner,www.ecoblastcleaner.com,No,0,$0,"Website scanned (signal score: 7). No confirmed owned physical retail location found after checking homepage + location/contact/about pages for addresses, store hours, and visit-us signals."
X-treme Auto,x-tremeauto.ca,No,0,$0,"Website scanned (signal score: 12). No confirmed owned physical retail location found after checking homepage + location/contact/about pages for addresses, store hours, and visit-us signals."
Balanced You Natural Emporium,balancedyouemporium.com,No,0,$0,"Website scanned (signal score: 7). No confirmed owned physical retail location found after checking homepage + location/contact/about pages for addresses, store hours, and visit-us signals."
KIDS NEVER GROW OLD,kidsnevergrowold.com,No,0,$0,"Website scanned (signal score: 4). No confirmed owned physical retail location found after checking homepage + location/contact/about pages for addresses, store hours, and visit-us signals."
Highway 10 Designs,highway10designs.com,No,0,$0,"Website scanned (signal score: 10). No confirmed owned physical retail location found after checking homepage + location/contact/about pages for addresses, store hours, and visit-us signals."
MightyMuttLove,mightymuttlove.com,No,0,$0,"Website scanned (signal score: 4). No confirmed owned physical retail location found after checking homepage + location/contact/about pages for addresses, store hours, and visit-us signals."
Mercedes Campuzano,mercedescampuzano.us,No,0,$0,"Website scanned (signal score: 4). No confirmed owned physical retail location found after checking homepage + location/contact/about pages for addresses, store hours, and visit-us signals."
Csdesigning18,csdesigning18.com,No,0,$0,"Website scanned (signal score: 7). No confirmed owned physical retail location found after checking homepage + location/contact/about pages for addresses, store hours, and visit-us signals."
Beanstalk Books NZ,beanstalkbooks.co.nz,No,0,$0,"Website scanned (signal score: 7). No confirmed owned physical retail location found after checking homepage + location/contact/about pages for addresses, store hours, and visit-us signals."
La Prestige Paris,www.laprestigeparis.com,No,0,$0,"Website scanned (signal score: 7). No confirmed owned physical retail location found after checking homepage + location/contact/about pages for addresses, store hours, and visit-us signals."
Fortus Flame LLC,fortusflame.com,No,0,$0,"Website scanned (signal score: 12). No confirmed owned physical retail location found after checking homepage + location/contact/about pages for addresses, store hours, and visit-us signals."
Mark's Furniture Direct,marksfurnituredirect.com,No,0,$0,"Website scanned (signal score: 21). No confirmed owned physical retail location found after checking homepage + location/contact/about pages for addresses, store hours, and visit-us signals."
Homzi,www.homzi.com,No,0,$0,"Website scanned (signal score: 3). No confirmed owned physical retail location found after checking homepage + location/contact/about pages for addresses, store hours, and visit-us signals."
Oyster Holdings,www.travelingisasport.com,No,0,$0,"Website scanned (signal score: 8). No confirmed owned physical retail location found after checking homepage + location/contact/about pages for addresses, store hours, and visit-us signals."
Merch Pro Shop,merchproshop.com,No,0,$0,"Website scanned (signal score: 7). No confirmed owned physical retail location found after checking homepage + location/contact/about pages for addresses, store hours, and visit-us signals."
XTEND®,officialxtend.com,No,0,$0,"Website scanned (signal score: 7). No confirmed owned physical retail location found after checking homepage + location/contact/about pages for addresses, store hours, and visit-us signals."
The David Helwani Project,www.davidhelwani.com,No,0,$0,"Website scanned (signal score: 7). No confirmed owned physical retail location found after checking homepage + location/contact/about pages for addresses, store hours, and visit-us signals."
kinglash.com,kinglash.com,No,0,$0,"Website scanned (signal score: 7). No confirmed owned physical retail location found after checking homepage + location/contact/about pages for addresses, store hours, and visit-us signals."
Aroha Oils,www.aroha-oils.com,No,0,$0,"Website scanned (signal score: 7). No confirmed owned physical retail location found after checking homepage + location/contact/about pages for addresses, store hours, and visit-us signals."
salem ilese,shop.salemilese.com,No,0,$0,"Website scanned (signal score: 4). No confirmed owned physical retail location found after checking homepage + location/contact/about pages for addresses, store hours, and visit-us signals."
The Sea Moss Factory,www.theseamossfactoryonline.com,No,0,$0,"Website scanned (signal score: 4). No confirmed owned physical retail location found after checking homepage + location/contact/about pages for addresses, store hours, and visit-us signals."
Antonello Shoes,antonelloshoes.com,No,0,$0,"Website scanned (signal score: 15). No confirmed owned physical retail location found after checking homepage + location/contact/about pages for addresses, store hours, and visit-us signals."
Bonjourlips,bonjourlips.com,No,0,$0,"Website scanned (signal score: 10). No confirmed owned physical retail location found after checking homepage + location/contact/about pages for addresses, store hours, and visit-us signals."
KATHERINE MASON,paintedwithlipstick.com,No,0,$0,"Website scanned (signal score: 7). No confirmed owned physical retail location found after checking homepage + location/contact/about pages for addresses, store hours, and visit-us signals."
Alpha Soccer,alpha-soccer.com,No,0,$0,"Website scanned (signal score: 10). No confirmed owned physical retail location found after checking homepage + location/contact/about pages for addresses, store hours, and visit-us signals."
Marc Alexandrin,marcalexandrin.com,No,0,$0,"Website scanned (signal score: 7). No confirmed owned physical retail location found after checking homepage + location/contact/about pages for addresses, store hours, and visit-us signals."
Savvy Watch,www.savvywatch.com,No,0,$0,"Website scanned (signal score: 7). No confirmed owned physical retail location found after checking homepage + location/contact/about pages for addresses, store hours, and visit-us signals."
Book Besties,www.shopbookbesties.com,No,0,$0,"Website scanned (signal score: 4). No confirmed owned physical retail location found after checking homepage + location/contact/about pages for addresses, store hours, and visit-us signals."
Revv Online Store - CAD,revvcanada.myshopify.com,No,0,$0,"Website scanned (signal score: 10). No confirmed owned physical retail location found after checking homepage + location/contact/about pages for addresses, store hours, and visit-us signals."
Magickal Wear,magickalwear.com,No,0,$0,"Website scanned (signal score: 16). No confirmed owned physical retail location found after checking homepage + location/contact/about pages for addresses, store hours, and visit-us signals."
ShopGummie,shop-gummy.com,No,0,$0,"Website scanned (signal score: 7). No confirmed owned physical retail location found after checking homepage + location/contact/about pages for addresses, store hours, and visit-us signals."
PLK Digitals,plkdigitals.com,No,0,$0,"Website scanned (signal score: 4). No confirmed owned physical retail location found after checking homepage + location/contact/about pages for addresses, store hours, and visit-us signals."
Januzzi,store.januzzi.com,No,0,$0,"Website scanned (signal score: 7). No confirmed owned physical retail location found after checking homepage + location/contact/about pages for addresses, store hours, and visit-us signals."
LORUVE,loruve.com,No,0,$0,"Website scanned (signal score: 4). No confirmed owned physical retail location found after checking homepage + location/contact/about pages for addresses, store hours, and visit-us signals."
CollegeHairBows.com,collegehairbows.com,No,0,$0,"Website scanned (signal score: 19). No confirmed owned physical retail location found after checking homepage + location/contact/about pages for addresses, store hours, and visit-us signals."
thestyleinccanada,thestyleinccanada.com,No,0,$0,"Website scanned (signal score: 10). No confirmed owned physical retail location found after checking homepage + location/contact/about pages for addresses, store hours, and visit-us signals."
Little Unicorn Canada,canada.littleunicorn.com,No,0,$0,"Website scanned (signal score: 4). No confirmed owned physical retail location found after checking homepage + location/contact/about pages for addresses, store hours, and visit-us signals."
Majesticsilk,majesticsilkrecords.shop,No,0,$0,"Website scanned (signal score: 7). No confirmed owned physical retail location found after checking homepage + location/contact/about pages for addresses, store hours, and visit-us signals."
Crafter4Life,crafter4life.com,No,0,$0,"Website scanned (signal score: 7). No confirmed owned physical retail location found after checking homepage + location/contact/about pages for addresses, store hours, and visit-us signals."
Triumph United - Combat Sports Fight Gear,triumphunited.com,No,0,$0,"Website scanned (signal score: 12). No confirmed owned physical retail location found after checking homepage + location/contact/about pages for addresses, store hours, and visit-us signals."
Niteglow,niteglowbeer.com,No,0,$0,"Website scanned (signal score: 11). No confirmed owned physical retail location found after checking homepage + location/contact/about pages for addresses, store hours, and visit-us signals."
Little Bridges,littlebridges.com,No,0,$0,"Website scanned (signal score: 4). No confirmed owned physical retail location found after checking homepage + location/contact/about pages for addresses, store hours, and visit-us signals."
Steph & Co.,shopstephandco.com,No,0,$0,"Website scanned (signal score: 13). No confirmed owned physical retail location found after checking homepage + location/contact/about pages for addresses, store hours, and visit-us signals."
uni-tshop.com,uni-tfashion.com,No,0,$0,"Website scanned (signal score: 4). No confirmed owned physical retail location found after checking homepage + location/contact/about pages for addresses, store hours, and visit-us signals."
RO3 Shop,ro3.shop,No,0,$0,"Website scanned (signal score: 4). No confirmed owned physical retail location found after checking homepage + location/contact/about pages for addresses, store hours, and visit-us signals."
Andolinis Worldwide,andolinisworldwide.com,No,0,$0,"Website scanned (signal score: 10). No confirmed owned physical retail location found after checking homepage + location/contact/about pages for addresses, store hours, and visit-us signals."
Samples Chosen foods,samples.chosenfoods.com,No,0,$0,"Website scanned (signal score: 3). No confirmed owned physical retail location found after checking homepage + location/contact/about pages for addresses, store hours, and visit-us signals."
validity-swag,outfitters.validity.com,No,0,$0,"Website scanned (signal score: 7). No confirmed owned physical retail location found after checking homepage + location/contact/about pages for addresses, store hours, and visit-us signals."
Abbrella,abbrella.ca,No,0,$0,"Website scanned (signal score: 7). No confirmed owned physical retail location found after checking homepage + location/contact/about pages for addresses, store hours, and visit-us signals."
Rocky Shores Clothing,rockyshoresclothing.com,No,0,$0,"Website scanned (signal score: 4). No confirmed owned physical retail location found after checking homepage + location/contact/about pages for addresses, store hours, and visit-us signals."
LAZYet,lazyet.com,No,0,$0,"Website scanned (signal score: 4). No confirmed owned physical retail location found after checking homepage + location/contact/about pages for addresses, store hours, and visit-us signals."
Learning to Lose,www.learningtolose.com,No,0,$0,"Website scanned (signal score: 16). No confirmed owned physical retail location found after checking homepage + location/contact/about pages for addresses, store hours, and visit-us signals."
That's it Canada,thatsitfruit.ca,No,0,$0,"Website scanned (signal score: 12). No confirmed owned physical retail location found after checking homepage + location/contact/about pages for addresses, store hours, and visit-us signals."
Selora,labelmuvala.shop,No,0,$0,"Website scanned (signal score: 0). No confirmed owned physical retail location found after checking homepage + location/contact/about pages for addresses, store hours, and visit-us signals."
Good Origins,www.good-origins.com,No,0,$0,"Website scanned (signal score: 9). No confirmed owned physical retail location found after checking homepage + location/contact/about pages for addresses, store hours, and visit-us signals."
e.fek.tiv beauty,efektivshop.com,No,0,$0,"Website scanned (signal score: 4). No confirmed owned physical retail location found after checking homepage + location/contact/about pages for addresses, store hours, and visit-us signals."
Zoolase,zoolase.com,No,0,$0,"Website scanned (signal score: 12). No confirmed owned physical retail location found after checking homepage + location/contact/about pages for addresses, store hours, and visit-us signals."
NYC Water Cruises Inc.,nycwatercruises.com,No,0,$0,"Website scanned (signal score: 16). No confirmed owned physical retail location found after checking homepage + location/contact/about pages for addresses, store hours, and visit-us signals."
Dario,upright-usa-demo.myshopify.com,No,0,$0,EXCLUDED: Test/sandbox/demo store.
Zenzee,shopzenzee.myshopify.com,No,0,$0,"Website scanned (signal score: 4). No confirmed owned physical retail location found after checking homepage + location/contact/about pages for addresses, store hours, and visit-us signals."
Natty Nutrition,nattynutrition.com,No,0,$0,"Website scanned (signal score: 4). No confirmed owned physical retail location found after checking homepage + location/contact/about pages for addresses, store hours, and visit-us signals."
KickPlateGifts.com,kickplategifts.com,No,0,$0,"Website scanned (signal score: 10). No confirmed owned physical retail location found after checking homepage + location/contact/about pages for addresses, store hours, and visit-us signals."
Logos Online School,logosonlineschool.com,No,0,$0,"Website scanned (signal score: 13). No confirmed owned physical retail location found after checking homepage + location/contact/about pages for addresses, store hours, and visit-us signals."
AWEGANICS,aweganics.com,No,0,$0,"Website scanned (signal score: 7). No confirmed owned physical retail location found after checking homepage + location/contact/about pages for addresses, store hours, and visit-us signals."
Rock the South,rockthesouth.myshopify.com,No,0,$0,"Website scanned (signal score: 4). No confirmed owned physical retail location found after checking homepage + location/contact/about pages for addresses, store hours, and visit-us signals."
FinanceMyChair,www.financemychair.com,No,0,$0,"Website scanned (signal score: 12). No confirmed owned physical retail location found after checking homepage + location/contact/about pages for addresses, store hours, and visit-us signals."
Little Unicorn Distributor,distributor.littleunicorn.com,No,0,$0,EXCLUDED: Wholesale/B2B/Distributor only.
CLUTCH Straps CANADA,clutchstraps.ca,No,0,$0,"Website scanned (signal score: 0). No confirmed owned physical retail location found after checking homepage + location/contact/about pages for addresses, store hours, and visit-us signals."
critessales,critescustomcreations.com,No,0,$0,"Website scanned (signal score: 10). No confirmed owned physical retail location found after checking homepage + location/contact/about pages for addresses, store hours, and visit-us signals."
Comic Warriors,comicwarriors.com,No,0,$0,"Website scanned (signal score: 10). No confirmed owned physical retail location found after checking homepage + location/contact/about pages for addresses, store hours, and visit-us signals."
banana-leaf-soap-bar,bananaleafsoapbar.com,No,0,$0,"Website scanned (signal score: 0). No confirmed owned physical retail location found after checking homepage + location/contact/about pages for addresses, store hours, and visit-us signals."
GuardianFlex,hat2sole.myshopify.com,No,0,$0,"Website scanned (signal score: 4). No confirmed owned physical retail location found after checking homepage + location/contact/about pages for addresses, store hours, and visit-us signals."
MuloWoman,mulowoman.myshopify.com,No,0,$0,"Website scanned (signal score: 12). No confirmed owned physical retail location found after checking homepage + location/contact/about pages for addresses, store hours, and visit-us signals."
The Brand Stand,megafoodbrandstand.com,No,0,$0,"Website scanned (signal score: 7). No confirmed owned physical retail location found after checking homepage + location/contact/about pages for addresses, store hours, and visit-us signals."
LINKSOUL Event Fulfillment,carr.linksoul.com,No,0,$0,"Website scanned (signal score: 0). No confirmed owned physical retail location found after checking homepage + location/contact/about pages for addresses, store hours, and visit-us signals."
Grip Athletic,gripathletic.com,No,0,$0,"Website scanned (signal score: 7). No confirmed owned physical retail location found after checking homepage + location/contact/about pages for addresses, store hours, and visit-us signals."
helloMicah,micah-ny.com,No,0,$0,"Website scanned (signal score: 0). No confirmed owned physical retail location found after checking homepage + location/contact/about pages for addresses, store hours, and visit-us signals."
CLUTCH Straps USA,clutchstraps.com,No,0,$0,"Website scanned (signal score: 7). No confirmed owned physical retail location found after checking homepage + location/contact/about pages for addresses, store hours, and visit-us signals."
Cressi,store.cressi.com,No,0,$0,"Website scanned (signal score: 7). No confirmed owned physical retail location found after checking homepage + location/contact/about pages for addresses, store hours, and visit-us signals."
renewformen,renewformen.com,No,0,$0,"Website scanned (signal score: 0). No confirmed owned physical retail location found after checking homepage + location/contact/about pages for addresses, store hours, and visit-us signals."
ToolBand,toolband.myshopify.com,No,0,$0,"Website scanned (signal score: 7). No confirmed owned physical retail location found after checking homepage + location/contact/about pages for addresses, store hours, and visit-us signals."
Stay Wild Store,staywild-store.myshopify.com,No,0,$0,"Website scanned (signal score: 7). No confirmed owned physical retail location found after checking homepage + location/contact/about pages for addresses, store hours, and visit-us signals."
XTEND®,jp.scivation.com,No,0,$0,"Website scanned (signal score: 0). No confirmed owned physical retail location found after checking homepage + location/contact/about pages for addresses, store hours, and visit-us signals."
litezallb2b,litezallb2b.com,No,0,$0,"Website scanned (signal score: 0). No confirmed owned physical retail location found after checking homepage + location/contact/about pages for addresses, store hours, and visit-us signals."
Elite Learning Academy -Real Estate School,elaeducation.net,No,0,$0,"Website scanned (signal score: 10). No confirmed owned physical retail location found after checking homepage + location/contact/about pages for addresses, store hours, and visit-us signals."
scanner-max,scannermax.com,No,0,$0,"Website scanned (signal score: 10). No confirmed owned physical retail location found after checking homepage + location/contact/about pages for addresses, store hours, and visit-us signals."
The Lounge Pug,www.loungepug.com,No,0,$0,"Website scanned (signal score: 12). No confirmed owned physical retail location found after checking homepage + location/contact/about pages for addresses, store hours, and visit-us signals."
Jes Elizabeth Jewelry,jeselizabethjewelry.com,No,0,$0,"Website scanned (signal score: 10). No confirmed owned physical retail location found after checking homepage + location/contact/about pages for addresses, store hours, and visit-us signals."
Meramec Screen Printing,meramecscreenprinting.com,No,0,$0,"Website scanned (signal score: 7). No confirmed owned physical retail location found after checking homepage + location/contact/about pages for addresses, store hours, and visit-us signals."
A,mwmtools.com,No,0,$0,"Website scanned (signal score: 4). No confirmed owned physical retail location found after checking homepage + location/contact/about pages for addresses, store hours, and visit-us signals."
soundtoys-test,soundtoys-test.myshopify.com,No,0,$0,EXCLUDED: Test/sandbox/demo store.
Del Mar Hardware,delmarhardware.com,No,0,$0,"Website scanned (signal score: 9). No confirmed owned physical retail location found after checking homepage + location/contact/about pages for addresses, store hours, and visit-us signals."
Voigt Smith Innovation,www.vsinnovation.com,No,0,$0,"Website scanned (signal score: 7). No confirmed owned physical retail location found after checking homepage + location/contact/about pages for addresses, store hours, and visit-us signals."
Sports Militia,sports-militia.myshopify.com,No,0,$0,"Website scanned (signal score: 7). No confirmed owned physical retail location found after checking homepage + location/contact/about pages for addresses, store hours, and visit-us signals."
Whisk & Wellness,whiskandwellness.com,No,0,$0,"Website scanned (signal score: 7). No confirmed owned physical retail location found after checking homepage + location/contact/about pages for addresses, store hours, and visit-us signals."
The J.R. Watkins Co,jrwatkins.com,No,0,$0,"Website scanned (signal score: 13). No confirmed owned physical retail location found after checking homepage + location/contact/about pages for addresses, store hours, and visit-us signals."
OmarsJewelers,omarsjewelers.com,No,0,$0,"Website scanned (signal score: 7). No confirmed owned physical retail location found after checking homepage + location/contact/about pages for addresses, store hours, and visit-us signals."
G3 Store USA,us.genuineguidegear.com,No,0,$0,"Website scanned (signal score: 0). No confirmed owned physical retail location found after checking homepage + location/contact/about pages for addresses, store hours, and visit-us signals."
This Is J - On The Road,harrisloungewear.com,No,0,$0,"Website scanned (signal score: 0). No confirmed owned physical retail location found after checking homepage + location/contact/about pages for addresses, store hours, and visit-us signals."
Louise & Company,louiseandcompany.com,No,0,$0,"Website scanned (signal score: 9). No confirmed owned physical retail location found after checking homepage + location/contact/about pages for addresses, store hours, and visit-us signals."
G2G Bar,g2g-bar.myshopify.com,No,0,$0,"Website scanned (signal score: 7). No confirmed owned physical retail location found after checking homepage + location/contact/about pages for addresses, store hours, and visit-us signals."
Tanya Singh,tanyasinghjewelry.com,No,0,$0,"Website scanned (signal score: 4). No confirmed owned physical retail location found after checking homepage + location/contact/about pages for addresses, store hours, and visit-us signals."
Grand Trading,grandtrading.ca,No,0,$0,"Website scanned (signal score: 4). No confirmed owned physical retail location found after checking homepage + location/contact/about pages for addresses, store hours, and visit-us signals."
Global Resources Direct,global-resources-direct-2.myshopify.com,No,0,$0,"Website scanned (signal score: 10). No confirmed owned physical retail location found after checking homepage + location/contact/about pages for addresses, store hours, and visit-us signals."
sheet-music-lib,new.sheetmusiclib.com,No,0,$0,"Website scanned (signal score: 0). No confirmed owned physical retail location found after checking homepage + location/contact/about pages for addresses, store hours, and visit-us signals."
El Cycèr,el-cycer-vintage.myshopify.com,No,0,$0,"Website scanned (signal score: 4). No confirmed owned physical retail location found after checking homepage + location/contact/about pages for addresses, store hours, and visit-us signals."
Waterparks Merch,lostintheproperty.com,No,0,$0,"Website scanned (signal score: 4). No confirmed owned physical retail location found after checking homepage + location/contact/about pages for addresses, store hours, and visit-us signals."
Moda Groups,vadimmoda.com,No,0,$0,"Website scanned (signal score: 7). No confirmed owned physical retail location found after checking homepage + location/contact/about pages for addresses, store hours, and visit-us signals."
Lifestyle by Re:Set,lifestylebyreset.com,No,0,$0,"Website scanned (signal score: 7). No confirmed owned physical retail location found after checking homepage + location/contact/about pages for addresses, store hours, and visit-us signals."
ZipQuick Curtains,zipquickcurtains.com,No,0,$0,"Website scanned (signal score: 15). No confirmed owned physical retail location found after checking homepage + location/contact/about pages for addresses, store hours, and visit-us signals."
exotic hearts clothing,exoticheartsclothing.com,No,0,$0,"Website scanned (signal score: 7). No confirmed owned physical retail location found after checking homepage + location/contact/about pages for addresses, store hours, and visit-us signals."
Yellow Brick Group,www.ybgroupshop.us,No,0,$0,"Website scanned (signal score: 0). No confirmed owned physical retail location found after checking homepage + location/contact/about pages for addresses, store hours, and visit-us signals."
LouveRoof Store,www.louveroof.store,No,0,$0,"Website scanned (signal score: 4). No confirmed owned physical retail location found after checking homepage + location/contact/about pages for addresses, store hours, and visit-us signals."
Play and Display,www.playanddisplay.com.au,No,0,$0,"Website scanned (signal score: 0). No confirmed owned physical retail location found after checking homepage + location/contact/about pages for addresses, store hours, and visit-us signals."
get.uprightpose.com,uprightgo.de,No,0,$0,"Website scanned (signal score: 7). No confirmed owned physical retail location found after checking homepage + location/contact/about pages for addresses, store hours, and visit-us signals."
La Chenille Bridal,lachenillebridalbikini.com,No,0,$0,"Website scanned (signal score: 7). No confirmed owned physical retail location found after checking homepage + location/contact/about pages for addresses, store hours, and visit-us signals."
CarmelleMakeupCourses™,carmellemakeup.com,No,0,$0,"Website scanned (signal score: 4). No confirmed owned physical retail location found after checking homepage + location/contact/about pages for addresses, store hours, and visit-us signals."
Polley Building Supply,polleybuilding.com,No,0,$0,"Website scanned (signal score: 16). No confirmed owned physical retail location found after checking homepage + location/contact/about pages for addresses, store hours, and visit-us signals."
Linksoul LS2MAN Tournaments,ls2man.com,No,0,$0,"Website scanned (signal score: 4). No confirmed owned physical retail location found after checking homepage + location/contact/about pages for addresses, store hours, and visit-us signals."
UCGWholesale,wholesale.uncommongreen.com,No,0,$0,EXCLUDED: Wholesale/B2B/Distributor only.
ExpertRemediesInstitutes.com,expertremediesinstitutes.com,No,0,$0,"Website scanned (signal score: 4). No confirmed owned physical retail location found after checking homepage + location/contact/about pages for addresses, store hours, and visit-us signals."
Little Unicorn B2B Europe,retail.littleunicorn.eu,No,0,$0,EXCLUDED: Wholesale/B2B/Distributor only.
Prince Canada,princecanada.ca,No,0,$0,"Website scanned (signal score: 10). No confirmed owned physical retail location found after checking homepage + location/contact/about pages for addresses, store hours, and visit-us signals."
Sunshine Marketing Products,sunshinemarketingproducts.com,No,0,$0,"Website scanned (signal score: 4). No confirmed owned physical retail location found after checking homepage + location/contact/about pages for addresses, store hours, and visit-us signals."
Pitmaster Gloves,pitmastergloves.com,No,0,$0,"Website scanned (signal score: 7). No confirmed owned physical retail location found after checking homepage + location/contact/about pages for addresses, store hours, and visit-us signals."
Misshattan,misshattan.com,No,0,$0,"Website scanned (signal score: 7). No confirmed owned physical retail location found after checking homepage + location/contact/about pages for addresses, store hours, and visit-us signals."
international-store.genuineguidegear.com,eu-store.genuineguidegear.com,No,0,$0,"Website scanned (signal score: 0). No confirmed owned physical retail location found after checking homepage + location/contact/about pages for addresses, store hours, and visit-us signals."
Bubble at Ulta,bubbleatulta.com,No,0,$0,"Website scanned (signal score: 7). No confirmed owned physical retail location found after checking homepage + location/contact/about pages for addresses, store hours, and visit-us signals."
Bella Tunno Wholesale,bella-tunno-wholesale.myshopify.com,No,0,$0,EXCLUDED: Wholesale/B2B/Distributor only.
XTEND®,scivation-eu.myshopify.com,No,0,$0,"Website scanned (signal score: 0). No confirmed owned physical retail location found after checking homepage + location/contact/about pages for addresses, store hours, and visit-us signals."
Darn Good Skirts,www.darngoodskirts.com,No,0,$0,"Website scanned (signal score: 7). No confirmed owned physical retail location found after checking homepage + location/contact/about pages for addresses, store hours, and visit-us signals."
Mom's Apple Pie Co.,holidayorders.momsapplepieco.com,No,0,$0,"Website scanned (signal score: 12). No confirmed owned physical retail location found after checking homepage + location/contact/about pages for addresses, store hours, and visit-us signals."
Southern Willow Market,www.southernwillowmarket.com,No,0,$0,"Website scanned (signal score: 7). No confirmed owned physical retail location found after checking homepage + location/contact/about pages for addresses, store hours, and visit-us signals."
Fair Indigo Wholesale,fair-indigo-wholesale.myshopify.com,No,0,$0,EXCLUDED: Wholesale/B2B/Distributor only.
Secondipity_BullseyeDeals,secondipitybullseyedeals.myshopify.com,No,0,$0,"Website scanned (signal score: 4). No confirmed owned physical retail location found after checking homepage + location/contact/about pages for addresses, store hours, and visit-us signals."
The DB Method CA,www.thedbmethod.ca,No,0,$0,"Website scanned (signal score: 0). No confirmed owned physical retail location found after checking homepage + location/contact/about pages for addresses, store hours, and visit-us signals."
Stickley Virtual Market,stickleyvirtualmarket.com,No,0,$0,"Website scanned. Retail signals detected but verified as non-retail (online-only portal, warehouse/office only, or no public-facing storefront)."
Private Packs,privatepacks.com,No,0,$0,"Website scanned (signal score: 7). No confirmed owned physical retail location found after checking homepage + location/contact/about pages for addresses, store hours, and visit-us signals."
Garment Giant,garmentgiant.myshopify.com,No,0,$0,"Website scanned (signal score: 7). No confirmed owned physical retail location found after checking homepage + location/contact/about pages for addresses, store hours, and visit-us signals."
Groupe Livre,groupelivre.com,No,0,$0,"Website scanned (signal score: 7). No confirmed owned physical retail location found after checking homepage + location/contact/about pages for addresses, store hours, and visit-us signals."
darngoodworld.com,darngoodworld-com.myshopify.com,No,0,$0,"Website scanned (signal score: 7). No confirmed owned physical retail location found after checking homepage + location/contact/about pages for addresses, store hours, and visit-us signals."
FR-SimPure,fr.simpurelife.com,No,0,$0,"Website scanned (signal score: 4). No confirmed owned physical retail location found after checking homepage + location/contact/about pages for addresses, store hours, and visit-us signals."
Cozy Corner Patios,www.cozycornerpatios.com,No,0,$0,"Website scanned (signal score: 7). No confirmed owned physical retail location found after checking homepage + location/contact/about pages for addresses, store hours, and visit-us signals."
thedbmethod-ca,thedbmethod-ca.myshopify.com,No,0,$0,"Website scanned (signal score: 7). No confirmed owned physical retail location found after checking homepage + location/contact/about pages for addresses, store hours, and visit-us signals."
Tennis Giant CA,tennisgiant.myshopify.com,No,0,$0,"Website scanned (signal score: 0). No confirmed owned physical retail location found after checking homepage + location/contact/about pages for addresses, store hours, and visit-us signals."
LINKSOUL Tournament Demo,linksouldier.myshopify.com,No,0,$0,EXCLUDED: Test/sandbox/demo store.
I love Pralines,i-love-pralines.myshopify.com,No,0,$0,"Website scanned (signal score: 22). No confirmed owned physical retail location found after checking homepage + location/contact/about pages for addresses, store hours, and visit-us signals."
G3 Store [EUR],g3-warehouse-3.myshopify.com,No,0,$0,"Website scanned (signal score: 7). No confirmed owned physical retail location found after checking homepage + location/contact/about pages for addresses, store hours, and visit-us signals."
Darn Good Kids,darngoodkids.com,No,0,$0,"Website scanned (signal score: 7). No confirmed owned physical retail location found after checking homepage + location/contact/about pages for addresses, store hours, and visit-us signals."
Stickley Museum,stickley-museum.myshopify.com,No,0,$0,"Website scanned (signal score: 4). No confirmed owned physical retail location found after checking homepage + location/contact/about pages for addresses, store hours, and visit-us signals."
Crows Head Traditional Archery,crowshead.com,No,0,$0,"Website scanned (signal score: 7). No confirmed owned physical retail location found after checking homepage + location/contact/about pages for addresses, store hours, and visit-us signals."
Nomad Sandbox AUS,nomad-sandbox-aus.myshopify.com,No,0,$0,EXCLUDED: Test/sandbox/demo store.
MCA Chicago TEST,mca-chicago-test.myshopify.com,No,0,$0,EXCLUDED: Test/sandbox/demo store.
The Kingdom Directory,thekingdomdirectory.myshopify.com,No,0,$0,"Website scanned (signal score: 4). No confirmed owned physical retail location found after checking homepage + location/contact/about pages for addresses, store hours, and visit-us signals."
Gas Authority AMM,ammgasauthority.com,No,0,$0,"Website scanned (signal score: 10). No confirmed owned physical retail location found after checking homepage + location/contact/about pages for addresses, store hours, and visit-us signals."
B. Royal Boutique,broyalboutique.com,No,0,$0,"Website scanned (signal score: 10). No confirmed owned physical retail location found after checking homepage + location/contact/about pages for addresses, store hours, and visit-us signals."
